item_identifier,item_type,item_fat_content,item_weight,item_visibility
FDX32,Fruits and Vegetables,Regular,15.1,0.1000135
NCB42,Health and Hygiene,Low Fat,11.8,0.008596051
FDR28,Frozen Foods,Regular,13.85,0.025896485
FDL50,Canned,Regular,12.15,0.042277867
DRI25,Soft Drinks,Low Fat,19.6,0.033970195
FDS52,Frozen Foods,Low Fat,8.89,0.005505481
NCU05,Health and Hygiene,Low Fat,11.8,0.098312421
NCD30,Household,Low Fat,19.7,0.026903714
FDW20,Fruits and Vegetables,Low Fat,20.75,0.024129332
FDX25,Canned,Low Fat,12.15,0.101561568
FDX21,Snack Foods,Low Fat,13.15,0.084554569
NCU41,Health and Hygiene,Low Fat,18.85,0.052044976
FDL20,Fruits and Vegetables,Low Fat,17.1,0.128937661
NCR54,Household,Low Fat,16.35,0.090486828
FDH19,Meat,Low Fat,12.35,0.03292824
FDB57,Fruits and Vegetables,Regular,20.25,0.018801549
FDO23,Breads,Low Fat,17.85,0.147023834
NCB07,Household,Low Fat,19.2,0.077628053
FDJ56,Fruits and Vegetables,Low Fat,13.1,0.182514881
DRN47,Hard Drinks,Low Fat,12.1,0.016895293
FDZ07,Fruits and Vegetables,Regular,13.1,0.07371877399126638
NCK31,Others,Low Fat,14.5,0.026916794
FDJ41,Frozen Foods,Low Fat,6.85,0.022976497
DRI51,Dairy,Low Fat,17.25,0.042413704
FDC40,Dairy,Regular,16.0,0.065431917
FDB53,Frozen Foods,Low Fat,13.35,0.140241213
FDA16,Frozen Foods,Low Fat,6.695,0.033935576
FDO19,Fruits and Vegetables,Regular,13.1,0.016516275
FDO04,Frozen Foods,Low Fat,16.6,0.026537206
FDL25,Breakfast,Regular,6.92,0.131128467
NCJ30,Household,Low Fat,5.82,0.080640478
NCQ41,Health and Hygiene,Low Fat,14.8,0.01946418
DRJ35,Hard Drinks,Low Fat,10.1,0.046545786
NCE31,Household,Low Fat,7.67,0.184689756
FDY09,Snack Foods,Low Fat,15.6,0.025342692
FDZ04,Frozen Foods,Low Fat,9.31,0.037923509
FDY07,Fruits and Vegetables,Low Fat,11.8,0.121848436
FDO45,Snack Foods,Regular,13.15,0.038029746
FDB09,Fruits and Vegetables,Low Fat,16.25,0.057485328
FDP51,Meat,Regular,13.85,0.085274988
FDT50,Dairy,Regular,6.75,0.108148913
FDQ08,Fruits and Vegetables,Regular,13.1,0.018838681
DRL11,Hard Drinks,Low Fat,10.5,0.048115543
FDT34,Snack Foods,Low Fat,9.3,0.174621343
FDP01,Breakfast,Regular,20.75,0.105994654
NCJ31,Others,Low Fat,19.2,0.182501773
NCL30,Household,Low Fat,18.1,0.048931174
FDF04,Frozen Foods,Low Fat,17.5,0.013658248
NCZ42,Household,Low Fat,10.5,0.011305479
FDG24,Baking Goods,Low Fat,7.975,0.014653896
FDV49,Canned,Low Fat,10.0,0.025867353
FDX01,Canned,Low Fat,10.1,0.024201905
DRF27,Dairy,Low Fat,8.93,0.028461453
FDF16,Frozen Foods,Low Fat,7.3,0.086266286
FDU04,Frozen Foods,Low Fat,7.93,0.005557062
FDP04,Frozen Foods,Low Fat,15.35,0.013834247
FDD05,Frozen Foods,Low Fat,19.35,0.016637301
FDV07,Fruits and Vegetables,Low Fat,9.5,0.031331581
FDT20,Fruits and Vegetables,Low Fat,10.5,0.041459804
FDC44,Fruits and Vegetables,Low Fat,15.6,0.07371877399126638
DRM59,Hard Drinks,Low Fat,5.88,0.003597678
DRG23,Hard Drinks,Low Fat,8.88,0.086916126
NCJ29,Health and Hygiene,Low Fat,10.6,0.035247642
NCM42,Household,Low Fat,6.13,0.028365524
NCY42,Household,Low Fat,6.38,0.015186146
NCX54,Household,Low Fat,9.195,0.048134591
NCI06,Household,Low Fat,11.3,0.047791878
NCQ02,Household,Low Fat,12.6,0.007468056
NCR38,Household,Low Fat,17.25,0.113694957
NCM30,Household,Low Fat,19.1,0.067400032
FDK43,Meat,Low Fat,9.8,0.026882496
FDK21,Snack Foods,Low Fat,7.905,0.010027885
FDR45,Snack Foods,Low Fat,10.8,0.028988288
FDV09,Snack Foods,Low Fat,12.1,0.020600553
FDU12,Baking Goods,Regular,15.5,0.075868843
FDZ47,Baking Goods,Regular,20.7,0.079419755
FDO11,Breads,Regular,8.0,0.030311951
FDU49,Canned,Regular,19.5,0.030742083
FDA02,Dairy,Regular,14.0,0.02976887
FDV26,Dairy,Regular,20.25,0.07670093052484472
FDA04,Frozen Foods,Regular,11.3,0.066833743
FDO52,Frozen Foods,Regular,11.6,0.077284566
FDA40,Frozen Foods,Regular,16.0,0.09942555
FDS27,Meat,Regular,10.195,0.012477512
FDU15,Meat,Regular,13.65,0.026643448
FDV33,Snack Foods,Regular,9.6,0.027386122
FDV34,Snack Foods,Regular,10.695,0.011443222
FDX46,Snack Foods,Regular,12.3,0.058207114
NCA53,Health and Hygiene,Low Fat,11.395,0.009893817
FDT24,Baking Goods,Regular,12.35,0.18614827
FDX27,Dairy,Regular,20.7,0.114294512
NCQ38,Others,Low Fat,14.5,0.023402893
FDK02,Canned,Low Fat,12.15,0.196490902
FDI15,Dairy,Low Fat,13.35,0.24749009
FDE09,Fruits and Vegetables,Low Fat,13.1,0.037824735
FDS55,Fruits and Vegetables,Low Fat,13.1,0.142107998
FDZ56,Fruits and Vegetables,Low Fat,13.1,0.04506213
NCA05,Health and Hygiene,Low Fat,12.15,0.044000492
NCK29,Health and Hygiene,Low Fat,12.15,0.05895751431622177
NCU29,Health and Hygiene,Low Fat,12.15,0.044607722
NCX41,Health and Hygiene,Low Fat,12.15,0.031024168
NCG07,Household,Low Fat,13.15,0.091924311
NCI30,Household,Low Fat,13.15,0.103188491
NCT06,Household,Low Fat,13.15,0.067824456
FDN15,Meat,Low Fat,12.35,0.029299175
FDJ45,Seafood,Low Fat,11.65,0.128532558
FDL13,Breakfast,Regular,10.695,0.098606543
FDL02,Canned,Regular,12.15,0.182236555
FDF56,Fruits and Vegetables,Regular,13.1,0.209162936
FDQ27,Meat,Regular,12.35,0.077480627
FDG35,Starchy Foods,Regular,13.175,0.012327847
FDD38,Canned,Regular,12.15,0.014342659
FDE41,Frozen Foods,Regular,12.85,0.06980413064720498
FDP24,Baking Goods,Low Fat,20.6,0.083004078
FDH38,Canned,Low Fat,6.425,0.01043823
FDT49,Canned,Low Fat,7.0,0.151405587
FDN02,Canned,Low Fat,16.5,0.073827748
FDT02,Dairy,Low Fat,12.6,0.024194731
FDF05,Frozen Foods,Low Fat,17.5,0.02687089
FDI45,Fruits and Vegetables,Low Fat,13.1,0.037581243
FDZ20,Fruits and Vegetables,Low Fat,16.1,0.034306962
NCC42,Health and Hygiene,Low Fat,15.0,0.044908404
NCQ53,Health and Hygiene,Low Fat,17.6,0.018905326
NCX06,Household,Low Fat,17.6,0.015687045
NCO06,Household,Low Fat,19.25,0.108030434
NCN54,Household,Low Fat,20.35,0.021326471
FDL27,Meat,Low Fat,6.17,0.010630949
FDV51,Meat,Low Fat,16.35,0.032538896
FDC46,Snack Foods,Low Fat,17.7,0.116542484
FDZ58,Snack Foods,Low Fat,17.85,0.052176861
FDN21,Snack Foods,Low Fat,18.6,0.076855628
FDO58,Snack Foods,Low Fat,19.6,0.039577173
DRD24,Soft Drinks,Low Fat,13.85,0.030795085
DRI37,Soft Drinks,Low Fat,15.85,0.107597879
FDI12,Baking Goods,Regular,9.395,0.10039894
FDP12,Baking Goods,Regular,9.8,0.045266806
FDO01,Breakfast,Regular,21.1,0.020718655
FDZ37,Canned,Regular,8.1,0.019768503
FDJ15,Dairy,Regular,11.35,0.023322478
FDM04,Frozen Foods,Regular,9.195,0.04712061
FDI40,Frozen Foods,Regular,11.5,0.125602951
FDX04,Frozen Foods,Regular,19.6,0.041571557
FDS15,Meat,Regular,9.195,0.078060601
FDJ57,Seafood,Regular,7.42,0.021573645
FDG21,Seafood,Regular,17.35,0.146299902
FDW21,Snack Foods,Regular,5.34,0.005963881
FDX10,Snack Foods,Regular,6.385,0.123710526
NCZ17,Health and Hygiene,Low Fat,12.15,0.05895751431622177
DRE25,Soft Drinks,Low Fat,15.35,0.073697713
FDT60,Baking Goods,Low Fat,12.0,0.075701524
FDN24,Baking Goods,Low Fat,14.1,0.11349714
FDO37,Breakfast,Low Fat,8.06,0.021420031
FDI14,Canned,Low Fat,14.1,0.089859642
FDW37,Canned,Low Fat,19.2,0.124301968
DRC27,Dairy,Low Fat,13.8,0.058220302
FDK16,Frozen Foods,Low Fat,9.065,0.115563679
FDK41,Frozen Foods,Low Fat,14.3,0.12780038
FDY31,Fruits and Vegetables,Low Fat,5.98,0.043651198
FDG57,Fruits and Vegetables,Low Fat,14.7,0.072444983
FDN32,Fruits and Vegetables,Low Fat,17.5,0.015591925
FDX19,Fruits and Vegetables,Low Fat,19.1,0.096929994
FDP20,Fruits and Vegetables,Low Fat,19.85,0.045761855
NCR17,Health and Hygiene,Low Fat,9.8,0.024432767
NCT17,Health and Hygiene,Low Fat,10.8,0.041950753
NCT42,Household,Low Fat,5.88,0.024937792
NCV18,Household,Low Fat,6.775,0.105459307
NCH43,Household,Low Fat,8.42,0.070712031
NCE18,Household,Low Fat,10.0,0.021468792
NCC18,Household,Low Fat,19.1,0.177629525
NCJ42,Household,Low Fat,19.75,0.01433033
FDQ10,Snack Foods,Low Fat,12.85,0.03324652
FDL34,Snack Foods,Low Fat,16.0,0.041028937
DRK37,Soft Drinks,Low Fat,5.0,0.06926435932603406
DRF48,Soft Drinks,Low Fat,5.73,0.05190652
DRG49,Soft Drinks,Low Fat,7.81,0.067592098
FDX60,Baking Goods,Low Fat,14.35,0.081050006
FDS13,Canned,Low Fat,6.465,0.125210375
FDC50,Canned,Low Fat,15.85,0.13727
FDK51,Dairy,Low Fat,19.85,0.005264755
FDD17,Frozen Foods,Low Fat,7.5,0.032811503
FDJ28,Frozen Foods,Low Fat,12.3,0.021984639
FDP16,Frozen Foods,Low Fat,18.6,0.039517121
FDB20,Fruits and Vegetables,Low Fat,7.72,0.052274691
FDP56,Fruits and Vegetables,Low Fat,8.185,0.046747071
FDT43,Fruits and Vegetables,Low Fat,16.35,0.020664178
DRI59,Hard Drinks,Low Fat,9.5,0.041065647
DRM23,Hard Drinks,Low Fat,16.6,0.136500981
NCN53,Health and Hygiene,Low Fat,5.175,0.030527166
NCT53,Health and Hygiene,Low Fat,5.4,0.048388423
NCQ05,Health and Hygiene,Low Fat,11.395,0.05895751431622177
NCM53,Health and Hygiene,Low Fat,18.75,0.05233528
NCX42,Household,Low Fat,6.36,0.006012413
NCT18,Household,Low Fat,14.6,0.059741172
NCE54,Household,Low Fat,20.7,0.027052018
FDT03,Meat,Low Fat,21.25,0.01005532
NCN19,Others,Low Fat,13.1,0.012167988
NCQ43,Others,Low Fat,17.75,0.111931193
FDK09,Snack Foods,Low Fat,15.2,0.092282353
FDV46,Snack Foods,Low Fat,18.2,0.012679191
FDY46,Snack Foods,Low Fat,18.6,0.048160824
FDK26,Canned,Regular,5.46,0.032242661
FDI50,Canned,Regular,8.42,0.030905215
FDB26,Canned,Regular,14.0,0.031330907
FDY49,Canned,Regular,17.2,0.012036432
FDB04,Dairy,Regular,11.35,0.063354531
FDZ28,Frozen Foods,Regular,20.0,0.051596927
FDE17,Frozen Foods,Regular,20.1,0.054565932
FDQ19,Fruits and Vegetables,Regular,7.35,0.014394261
FDM08,Fruits and Vegetables,Regular,10.1,0.053692878
FDP03,Meat,Regular,5.15,0.061301149
FDU58,Snack Foods,Regular,6.61,0.07086596150265016
FDU46,Snack Foods,Regular,10.3,0.011148865
FDY34,Snack Foods,Regular,10.5,0.01100413
FDO09,Snack Foods,Regular,13.5,0.125528734
FDP48,Baking Goods,Regular,7.52,0.044272226
FDY12,Baking Goods,Regular,9.8,0.141406394
FDX48,Baking Goods,Regular,17.75,0.038102203
FDV60,Baking Goods,Regular,20.2,0.118025091
FDQ47,Breads,Regular,7.155,0.169137707
FDZ13,Canned,Regular,7.84,0.154363209
FDS04,Frozen Foods,Regular,10.195,0.147492524
FDV28,Frozen Foods,Regular,16.1,0.06980413064720498
FDU19,Fruits and Vegetables,Regular,8.77,0.047036036
FDE56,Fruits and Vegetables,Regular,17.25,0.160095901
FDI07,Meat,Regular,12.35,0.033951827
FDU27,Meat,Regular,18.6,0.172446822
FDN39,Meat,Regular,19.35,0.065890998
FDV10,Snack Foods,Regular,7.645,0.067083367
FDB23,Starchy Foods,Regular,19.2,0.005620213
NCY41,Health and Hygiene,Low Fat,16.75,0.076164013
FDW31,Fruits and Vegetables,Regular,11.35,0.043402224
FDR55,Fruits and Vegetables,Regular,12.15,0.13283066
DRF49,Soft Drinks,Low Fat,7.27,0.071064499
FDA23,Baking Goods,Low Fat,9.8,0.047178116
FDR60,Baking Goods,Low Fat,14.3,0.130390458
FDN60,Baking Goods,Low Fat,15.1,0.095140088
FDU48,Baking Goods,Low Fat,18.85,0.055347985
FDG60,Baking Goods,Low Fat,20.35,0.060688248
FDU11,Breads,Low Fat,4.785,0.092576144
FDS37,Canned,Low Fat,7.655,0.031938828
FDK50,Canned,Low Fat,7.96,0.028357839
FDG26,Canned,Low Fat,18.85,0.042641788
FDD14,Canned,Low Fat,20.7,0.169776346
FDD16,Frozen Foods,Low Fat,20.5,0.036346224
FDZ44,Fruits and Vegetables,Low Fat,8.185,0.038721734
FDO44,Fruits and Vegetables,Low Fat,12.6,0.087436672
NCU17,Health and Hygiene,Low Fat,5.32,0.092865746
NCL41,Health and Hygiene,Low Fat,12.35,0.041729735
NCS53,Health and Hygiene,Low Fat,14.5,0.089761211
NCV17,Health and Hygiene,Low Fat,18.85,0.016104504
NCO14,Household,Low Fat,9.6,0.029638267
NCU18,Household,Low Fat,15.1,0.055829496
NCI54,Household,Low Fat,15.2,0.033592687
NCQ50,Household,Low Fat,18.75,0.06496310372991851
FDL10,Snack Foods,Low Fat,8.395,0.039484739
FDE34,Snack Foods,Low Fat,9.195,0.107870997
FDL46,Snack Foods,Low Fat,20.35,0.054046706
FDH10,Snack Foods,Low Fat,21.0,0.049295686
DRE60,Soft Drinks,Low Fat,9.395,0.159304333
DRD60,Soft Drinks,Low Fat,15.7,0.03722507
FDR36,Baking Goods,Regular,6.715,0.121563385
FDL24,Baking Goods,Regular,10.3,0.024891881
FDM36,Baking Goods,Regular,11.65,0.058719726
FDD26,Canned,Regular,8.71,0.072141818
FDI02,Canned,Regular,15.7,0.11454343
FDE04,Frozen Foods,Regular,19.75,0.018019662
FDV20,Fruits and Vegetables,Regular,20.2,0.059790095
FDW03,Meat,Regular,5.63,0.024536636
FDX51,Meat,Regular,9.5,0.022054553
FDR03,Meat,Regular,15.7,0.008734284
FDJ58,Snack Foods,Regular,15.6,0.105276162
FDR48,Baking Goods,Low Fat,11.65,0.220111117
FDO16,Frozen Foods,Low Fat,5.48,0.02528802
FDE53,Frozen Foods,Low Fat,10.895,0.044991876
FDV31,Fruits and Vegetables,Low Fat,9.8,0.178622919
FDF32,Fruits and Vegetables,Low Fat,16.35,0.113953562
DRN35,Hard Drinks,Low Fat,8.01,0.117580062
NCQ17,Health and Hygiene,Low Fat,10.3,0.195721125
NCN06,Household,Low Fat,8.39,0.20168772
NCF30,Household,Low Fat,17.0,0.211306673
FDQ39,Meat,Low Fat,14.8,0.13564792
FDL45,Snack Foods,Low Fat,15.6,0.063081713
FDR10,Snack Foods,Low Fat,17.6,0.016804724
FDZ09,Snack Foods,Low Fat,17.6,0.175545889
DRJ13,Soft Drinks,Low Fat,12.65,0.105265475
DRH25,Soft Drinks,Low Fat,18.7,0.02442574
FDC60,Baking Goods,Regular,5.425,0.191603334
FDJ36,Baking Goods,Regular,14.5,0.214681063
FDU47,Breads,Regular,12.8,0.190569038
FDA03,Dairy,Regular,18.5,0.076097035
FDY40,Frozen Foods,Regular,15.5,0.143670179
FDZ16,Frozen Foods,Regular,16.85,0.267565911
FDW07,Fruits and Vegetables,Regular,18.0,0.238831875
FDW23,Baking Goods,Low Fat,5.765,0.081944045
FDW59,Breads,Low Fat,13.15,0.020698674
FDB15,Dairy,Low Fat,10.895,0.136696892
FDG16,Frozen Foods,Low Fat,15.25,0.089742065
FDJ04,Frozen Foods,Low Fat,18.0,0.124348482
FDJ32,Fruits and Vegetables,Low Fat,10.695,0.057744249
FDM56,Fruits and Vegetables,Low Fat,16.7,0.070133177
FDB45,Fruits and Vegetables,Low Fat,20.85,0.021312043
DRJ23,Hard Drinks,Low Fat,18.35,0.041634206
NCF43,Household,Low Fat,8.51,0.05190268
NCB55,Household,Low Fat,15.7,0.160529322
NCN30,Household,Low Fat,16.35,0.016979063
FDF22,Snack Foods,Low Fat,6.865,0.056783389
DRK13,Soft Drinks,Low Fat,11.8,0.11507174
DRL37,Soft Drinks,Low Fat,15.5,0.053327763
FDL38,Canned,Regular,13.8,0.014720848
FDV13,Canned,Regular,17.35,0.02758789
FDF53,Frozen Foods,Regular,20.75,0.083536989
FDD21,Fruits and Vegetables,Regular,10.3,0.07371877399126638
FDO20,Fruits and Vegetables,Regular,12.85,0.152001201
FDC21,Fruits and Vegetables,Regular,14.6,0.042923071
FDV19,Fruits and Vegetables,Regular,14.85,0.035227697
FDW43,Fruits and Vegetables,Regular,20.1,0.022406575
FDO46,Snack Foods,Regular,9.6,0.014200671
FDT10,Snack Foods,Regular,16.7,0.061992874
FDU23,Breads,Low Fat,12.15,0.021811987
FDM13,Breakfast,Low Fat,6.425,0.063432676
FDB50,Canned,Low Fat,13.0,0.154244343
FDC04,Dairy,Low Fat,15.6,0.045168898
DRF03,Dairy,Low Fat,19.1,0.045492697
FDG53,Frozen Foods,Low Fat,10.0,0.046043736
FDE08,Fruits and Vegetables,Low Fat,18.2,0.049520593
FDQ44,Fruits and Vegetables,Low Fat,20.5,0.036287517
DRJ47,Hard Drinks,Low Fat,18.25,0.044430561
NCO05,Health and Hygiene,Low Fat,7.27,0.046749112
NCB54,Health and Hygiene,Low Fat,8.76,0.050256604
NCE06,Household,Low Fat,5.825,0.091857904
NCP14,Household,Low Fat,8.275,0.110739031
NCH06,Household,Low Fat,12.3,0.076866235
NCH55,Household,Low Fat,16.35,0.034813556
NCN42,Household,Low Fat,20.25,0.014280554
FDM03,Meat,Low Fat,12.65,0.123531974
FDK55,Meat,Low Fat,18.5,0.02586664
FDU39,Meat,Low Fat,18.85,0.036184755
NCO07,Others,Low Fat,9.06,0.009816092
FDI46,Snack Foods,Low Fat,9.5,0.074648119
FDD22,Snack Foods,Low Fat,10.0,0.100055625
FDZ45,Snack Foods,Low Fat,14.1,0.067148407
FDT45,Snack Foods,Low Fat,15.85,0.057546914
FDA45,Snack Foods,Low Fat,21.25,0.156012631
DRI01,Soft Drinks,Low Fat,7.97,0.06926435932603406
FDB02,Canned,Regular,9.695,0.029283081
FDM50,Canned,Regular,13.0,0.030211742
FDC14,Canned,Regular,14.5,0.07177910014772726
FDH50,Canned,Regular,15.0,0.162093059
FDD52,Dairy,Regular,18.25,0.184041545
FDH04,Frozen Foods,Regular,6.115,0.011419301
FDH56,Fruits and Vegetables,Regular,9.8,0.06407717
FDX31,Fruits and Vegetables,Regular,20.35,0.014885998
FDO51,Meat,Regular,6.785,0.042153502
FDV22,Snack Foods,Regular,14.85,0.009979271
FDJ21,Snack Foods,Regular,16.7,0.038685176
FDU25,Canned,Low Fat,12.15,0.026552056
FDC53,Frozen Foods,Low Fat,12.85,0.008792907
FDD28,Frozen Foods,Low Fat,12.85,0.053038775
FDO40,Frozen Foods,Low Fat,12.85,0.032470108
FDT40,Frozen Foods,Low Fat,12.85,0.095331433
FDD33,Fruits and Vegetables,Low Fat,13.1,0.07371877399126638
NCY53,Health and Hygiene,Low Fat,12.15,0.058198141
NCE19,Household,Low Fat,13.15,0.092564193
NCE55,Household,Low Fat,13.15,0.12929931
NCG43,Household,Low Fat,13.15,0.073879939
NCU42,Household,Low Fat,13.15,0.019412192
NCJ19,Others,Low Fat,14.5,0.117607719
FDD46,Snack Foods,Low Fat,13.15,0.140571971
FDL33,Snack Foods,Low Fat,13.15,0.099478451
FDP09,Snack Foods,Low Fat,13.15,0.033725743
FDE36,Baking Goods,Regular,11.65,0.07433118783250414
FDG12,Baking Goods,Regular,11.65,0.006295472
FDU24,Baking Goods,Regular,11.65,0.139484292
FDK25,Breakfast,Regular,10.695,0.156072361
FDB14,Canned,Regular,12.15,0.102226474
FDZ02,Dairy,Regular,13.35,0.037962696
FDH05,Frozen Foods,Regular,12.85,0.090473389
FDT19,Fruits and Vegetables,Regular,13.1,0.144338493
FDW19,Fruits and Vegetables,Regular,13.1,0.038313981
FDR51,Meat,Regular,12.35,0.172629683
FDP49,Breakfast,Regular,9.0,0.069196376
FDR21,Snack Foods,Low Fat,19.7,0.066935459
FDQ36,Baking Goods,Regular,7.855,0.07433118783250414
FDE20,Fruits and Vegetables,Regular,11.35,0.005530516
FDK38,Canned,Low Fat,6.65,0.053279839
FDN04,Frozen Foods,Regular,11.8,0.014075334
NCP42,Household,Low Fat,8.51,0.016176344
FDY11,Baking Goods,Regular,6.71,0.029680868
FDW28,Frozen Foods,Low Fat,12.85,0.088394115
NCL53,Health and Hygiene,Low Fat,12.15,0.05895751431622177
FDW57,Snack Foods,Regular,8.31,0.115857223
NCN07,Others,Low Fat,18.5,0.056816465
FDP28,Frozen Foods,Regular,13.65,0.134975628
FDR52,Frozen Foods,Regular,12.65,0.076354362
FDY56,Fruits and Vegetables,Regular,16.35,0.062411404
FDY22,Snack Foods,Regular,16.5,0.160624116
FDD36,Baking Goods,Low Fat,11.65,0.021170542
FDP19,Fruits and Vegetables,Low Fat,11.5,0.07371877399126638
FDF20,Fruits and Vegetables,Low Fat,12.85,0.033271818
NCB31,Household,Low Fat,6.235,0.118858866
DRE12,Soft Drinks,Low Fat,4.59,0.070890602
DRK01,Soft Drinks,Low Fat,7.63,0.061159246
FDJ34,Snack Foods,Regular,11.8,0.093801337
FDH41,Frozen Foods,Low Fat,12.85,0.143591586
FDQ12,Baking Goods,Low Fat,11.65,0.061999648
FDZ27,Dairy,Low Fat,13.35,0.07670093052484472
FDI22,Snack Foods,Low Fat,13.15,0.168455549
FDW02,Dairy,Regular,13.35,0.066006824
FDR15,Meat,Regular,12.35,0.058545606
FDN34,Snack Foods,Regular,13.15,0.080127283
NCV41,Health and Hygiene,Low Fat,14.35,0.017038777
NCM19,Others,Low Fat,12.65,0.047237246
FDP31,Fruits and Vegetables,Regular,21.1,0.161504957
FDQ45,Snack Foods,Regular,9.5,0.010917052
FDO21,Snack Foods,Regular,11.6,0.009763021
FDQ24,Baking Goods,Low Fat,15.7,0.073816097
NCC54,Health and Hygiene,Low Fat,17.75,0.097909084
FDZ40,Frozen Foods,Low Fat,8.935,0.040410039
NCM07,Others,Low Fat,9.395,0.040187877
NCP50,Others,Low Fat,17.35,0.020676141
FDF46,Snack Foods,Low Fat,7.07,0.094201618
FDZ32,Fruits and Vegetables,Regular,7.785,0.038210084
NCM06,Household,Low Fat,7.475,0.075713578
FDK24,Baking Goods,Low Fat,9.195,0.101275792
NCL05,Health and Hygiene,Low Fat,19.6,0.047888606
NCA29,Household,Low Fat,10.5,0.027271252
NCP30,Household,Low Fat,20.5,0.032762495
FDX58,Snack Foods,Low Fat,13.15,0.073251428
FDW24,Baking Goods,Low Fat,6.8,0.062762374
FDH48,Baking Goods,Low Fat,13.5,0.101231721
FDE22,Snack Foods,Low Fat,9.695,0.049498821
FDR11,Breads,Regular,10.5,0.142419608
DRC01,Soft Drinks,Regular,5.92,0.019184026
FDE11,Starchy Foods,Regular,17.7,0.13498355
FDW50,Dairy,Low Fat,13.1,0.075885921
DRJ39,Dairy,Low Fat,20.25,0.036474041
FDJ46,Snack Foods,Low Fat,11.1,0.04500603
FDR20,Fruits and Vegetables,Regular,20.0,0.028238317
FDS33,Snack Foods,Regular,6.67,0.07086596150265016
FDK32,Fruits and Vegetables,Regular,13.1,0.048738407
FDO03,Meat,Regular,12.35,0.03670437
FDC59,Starchy Foods,Regular,13.175,0.05436436
FDS12,Baking Goods,Low Fat,9.1,0.175103435
FDT44,Fruits and Vegetables,Low Fat,16.6,0.103195401
FDD08,Fruits and Vegetables,Low Fat,8.3,0.03532494
FDR39,Meat,Low Fat,20.35,0.083929569
DRI03,Dairy,Low Fat,6.03,0.07670093052484472
FDJ52,Frozen Foods,Low Fat,7.145,0.017814518
NCD42,Health and Hygiene,Low Fat,16.5,0.012657494
FDY35,Breads,Regular,17.6,0.0160526
FDT26,Dairy,Regular,18.85,0.068059156
FDE28,Frozen Foods,Regular,9.5,0.06980413064720498
FDP45,Snack Foods,Regular,15.7,0.030672457
DRH51,Dairy,Low Fat,13.35,0.170213676
FDH52,Frozen Foods,Regular,12.85,0.076868664
FDC10,Snack Foods,Regular,13.15,0.127599399
FDY27,Dairy,Low Fat,6.38,0.031898175
FDY52,Frozen Foods,Low Fat,6.365,0.007348286
DRI47,Hard Drinks,Low Fat,14.7,0.020920179
NCT05,Health and Hygiene,Low Fat,10.895,0.020951848
NCW17,Health and Hygiene,Low Fat,18.0,0.019386234
FDA39,Meat,Low Fat,6.32,0.012717946
FDS25,Canned,Regular,6.885,0.140008554
FDC16,Dairy,Regular,11.5,0.07670093052484472
FDN28,Frozen Foods,Regular,5.88,0.030247903
FDD48,Baking Goods,Low Fat,10.395,0.030219852
FDW13,Canned,Low Fat,8.5,0.098083231
DRD15,Dairy,Low Fat,10.6,0.056911107
FDH32,Fruits and Vegetables,Low Fat,12.8,0.076214289
NCV30,Household,Low Fat,20.2,0.066065799
FDW10,Snack Foods,Low Fat,21.2,0.071076055
DRA59,Soft Drinks,Regular,8.27,0.06926435932603406
FDT37,Canned,Low Fat,14.15,0.035263498
DRH03,Dairy,Low Fat,17.25,0.035057688
FDA58,Snack Foods,Low Fat,9.395,0.103731617
FDI41,Frozen Foods,Regular,18.5,0.062245149
FDC57,Fruits and Vegetables,Regular,20.1,0.054584207
FDT27,Meat,Regular,11.395,0.069574013
FDK04,Frozen Foods,Low Fat,7.36,0.087559621
NCZ53,Health and Hygiene,Low Fat,9.6,0.040969757
FDV04,Frozen Foods,Regular,7.825,0.251094747
FDR22,Snack Foods,Regular,19.35,0.031069993
FDO24,Baking Goods,Low Fat,11.1,0.176069023
NCH29,Health and Hygiene,Low Fat,5.51,0.034445116
NCW54,Household,Low Fat,7.5,0.096333029
FDQ46,Snack Foods,Low Fat,7.51,0.103726639
FDV38,Dairy,Low Fat,19.25,0.102188428
FDJ53,Frozen Foods,Low Fat,10.5,0.071548187
FDW49,Canned,Low Fat,12.15,0.082152451
NCW53,Health and Hygiene,Low Fat,12.15,0.030347404
NCB18,Household,Low Fat,13.15,0.041091215
DRD13,Soft Drinks,Low Fat,11.8,0.048841794
DRF01,Soft Drinks,Low Fat,11.8,0.174232377
FDN48,Baking Goods,Low Fat,11.65,0.113720344
FDQ49,Breakfast,Regular,10.695,0.039057677
DRG27,Dairy,Low Fat,8.895,0.105274111
FDD03,Dairy,Low Fat,13.3,0.079806266
FDJ60,Baking Goods,Regular,19.35,0.062655235
FDG52,Frozen Foods,Low Fat,13.65,0.065576228
FDU59,Breads,Low Fat,5.78,0.096536082
DRK39,Dairy,Low Fat,7.02,0.049942926
DRL60,Soft Drinks,Low Fat,8.52,0.027101431
FDA35,Baking Goods,Regular,14.85,0.053921263999999997
FDQ40,Frozen Foods,Regular,11.1,0.036083537
FDH44,Fruits and Vegetables,Regular,19.1,0.025912378
FDW26,Dairy,Regular,13.35,0.187443314
FDB35,Starchy Foods,Regular,13.175,0.113139486
FDB08,Fruits and Vegetables,Low Fat,6.055,0.031103357
NCY18,Household,Low Fat,7.285,0.031151633
FDD40,Dairy,Regular,20.25,0.014793357
FDM58,Snack Foods,Regular,16.85,0.079690403
FDC45,Fruits and Vegetables,Low Fat,17.0,0.136008489
FDB33,Fruits and Vegetables,Low Fat,17.75,0.014609738
NCL54,Household,Low Fat,12.6,0.082921642
NCC07,Household,Low Fat,19.6,0.023999722
FDP60,Baking Goods,Low Fat,17.35,0.056235142
FDJ07,Meat,Low Fat,7.26,0.014505108
DRD12,Soft Drinks,Low Fat,6.96,0.077630199
DRN37,Soft Drinks,Low Fat,9.6,0.096842096
DRF37,Soft Drinks,Low Fat,17.25,0.084809658
FDX35,Breads,Regular,5.035,0.080072603
FDJ27,Meat,Regular,17.7,0.122123201
FDF10,Snack Foods,Regular,15.5,0.157246634
DRC13,Soft Drinks,Regular,8.26,0.06926435932603406
FDU03,Meat,Regular,18.7,0.092095924
NCK05,Health and Hygiene,Low Fat,20.1,0.077439606
NCJ18,Household,Low Fat,12.35,0.163910938
NCE30,Household,Low Fat,16.0,0.09911729
FDX15,Meat,Low Fat,17.2,0.156269303
FDT22,Snack Foods,Low Fat,10.395,0.11207602
DRL49,Soft Drinks,Low Fat,13.15,0.056418354
FDF29,Frozen Foods,Regular,15.1,0.019930418
FDT56,Fruits and Vegetables,Regular,16.0,0.115570552
FDN03,Meat,Regular,9.8,0.015087112
FDW15,Meat,Regular,15.35,0.055103174
FDU51,Meat,Regular,20.2,0.096495426
FDQ14,Dairy,Low Fat,9.27,0.103419257
DRE03,Dairy,Low Fat,19.6,0.040550868
FDG47,Starchy Foods,Low Fat,12.8,0.116527666
DRG03,Dairy,Low Fat,14.5,0.061934991
FDB52,Dairy,Low Fat,17.75,0.030410273
FDK40,Frozen Foods,Low Fat,7.035,0.06980413064720498
NCP41,Health and Hygiene,Low Fat,16.6,0.016197216
NCO43,Others,Low Fat,5.5,0.047059016
FDR46,Snack Foods,Low Fat,16.85,0.139301634
FDW58,Snack Foods,Low Fat,20.75,0.007546808
FDX36,Baking Goods,Regular,9.695,0.128176489
FDM01,Breakfast,Regular,7.895,0.094488485
FDX38,Dairy,Regular,10.5,0.0481669
FDH53,Frozen Foods,Regular,20.5,0.019183756
FDZ51,Meat,Regular,11.3,0.054507422
FDV57,Snack Foods,Regular,15.25,0.065841719
FDV59,Breads,Low Fat,13.35,0.07106850242735044
FDV35,Breads,Low Fat,19.5,0.128728258
FDK14,Canned,Low Fat,6.98,0.041273236
FDD57,Fruits and Vegetables,Low Fat,13.1,0.022291121
FDA10,Snack Foods,Low Fat,13.15,0.141129263
FDS31,Fruits and Vegetables,Regular,13.1,0.043978369
FDW39,Meat,Regular,12.35,0.036731658
FDY39,Meat,Regular,12.35,0.06535955496790123
NCP18,Household,Low Fat,12.15,0.028760013
FDY58,Snack Foods,Low Fat,11.65,0.040081193
NCB06,Health and Hygiene,Low Fat,17.6,0.082316506
FDB36,Baking Goods,Regular,5.465,0.07433118783250414
FDR47,Breads,Low Fat,17.85,0.07106850242735044
FDE10,Snack Foods,Regular,6.67,0.150554711
FDL22,Snack Foods,Low Fat,16.85,0.036390174
NCD06,Household,Low Fat,13.0,0.099729888
NCT54,Household,Low Fat,8.695,0.119721451
NCS54,Household,Low Fat,13.6,0.009984847
NCJ54,Household,Low Fat,13.15,0.059776237
FDJ20,Fruits and Vegetables,Regular,20.7,0.100330684
DRM11,Hard Drinks,Low Fat,6.57,0.066014596
FDK44,Fruits and Vegetables,Low Fat,16.6,0.122475364
FDP10,Snack Foods,Low Fat,19.0,0.128065918
FDG14,Canned,Regular,9.0,0.050786366
FDO34,Snack Foods,Low Fat,17.7,0.030108283
NCN41,Health and Hygiene,Low Fat,17.0,0.052165855
DRE27,Dairy,Low Fat,11.85,0.13267058
FDU40,Frozen Foods,Low Fat,20.85,0.062606583
NCL55,Others,Low Fat,12.15,0.065026434
FDJ55,Meat,Regular,12.8,0.023664054
NCN43,Others,Low Fat,12.15,0.011314423
FDZ60,Baking Goods,Low Fat,20.5,0.119547387
FDS23,Breads,Low Fat,4.635,0.141108156
FDR02,Dairy,Low Fat,16.7,0.022099982
FDF17,Frozen Foods,Low Fat,5.19,0.042687151
FDR43,Fruits and Vegetables,Low Fat,18.2,0.161740582
NCS41,Health and Hygiene,Low Fat,12.85,0.053527105
NCP05,Health and Hygiene,Low Fat,19.6,0.025325897
NCN14,Others,Low Fat,19.1,0.092060694
FDH22,Snack Foods,Low Fat,6.405,0.136512858
FDU22,Snack Foods,Low Fat,12.35,0.093441604
FDO57,Snack Foods,Low Fat,20.75,0.108879177
FDQ21,Snack Foods,Low Fat,21.25,0.01945343
DRG37,Soft Drinks,Low Fat,16.2,0.01940856
FDB11,Starchy Foods,Low Fat,16.0,0.060942632
FDL14,Canned,Regular,8.115,0.032208865
FDQ01,Canned,Regular,19.7,0.160951491
FDI05,Frozen Foods,Regular,8.35,0.127066966
FDJ10,Snack Foods,Regular,5.095,0.129705008
FDY32,Fruits and Vegetables,Low Fat,13.1,0.226284381
NCO30,Household,Low Fat,13.15,0.027532258
NCQ06,Household,Low Fat,13.15,0.073229342
NCV06,Household,Low Fat,13.15,0.116750407
NCZ54,Household,Low Fat,13.15,0.145951533
FDR33,Snack Foods,Low Fat,13.15,0.04690397
FDS57,Snack Foods,Low Fat,13.15,0.181114059
DRH01,Soft Drinks,Low Fat,11.8,0.171417316
FDL57,Snack Foods,Regular,13.15,0.117442838
FDT09,Snack Foods,Regular,13.15,0.021471456
FDY33,Snack Foods,Regular,13.15,0.170186628
FDX43,Fruits and Vegetables,Low Fat,5.655,0.085274988
FDS47,Breads,Low Fat,16.75,0.12888573
FDN01,Breakfast,Low Fat,8.895,0.08812645818691586
DRG51,Dairy,Low Fat,12.1,0.011539622
FDB05,Frozen Foods,Low Fat,5.155,0.083198341
FDD29,Frozen Foods,Low Fat,12.15,0.018410515
FDZ19,Fruits and Vegetables,Low Fat,6.425,0.093454899
FDY55,Fruits and Vegetables,Low Fat,16.75,0.07371877399126638
NCW41,Health and Hygiene,Low Fat,18.0,0.015450376
NCY17,Health and Hygiene,Low Fat,18.2,0.163096139
NCC19,Household,Low Fat,6.57,0.096880574
NCJ43,Household,Low Fat,6.635,0.027069402
NCO18,Household,Low Fat,13.15,0.024651269
FDW33,Snack Foods,Low Fat,9.395,0.099120588
DRC12,Soft Drinks,Low Fat,17.85,0.037826873
FDZ01,Canned,Regular,8.975,0.009058845
FDJ14,Canned,Regular,10.3,0.050070476
FDA08,Fruits and Vegetables,Regular,11.85,0.050085152
FDX55,Fruits and Vegetables,Low Fat,15.1,0.0552059
NCF55,Household,Low Fat,6.675,0.021710275
FDL36,Baking Goods,Low Fat,15.1,0.076229769
FDH27,Dairy,Low Fat,7.075,0.058465268
FDI52,Frozen Foods,Low Fat,18.7,0.104890428
FDD45,Fruits and Vegetables,Low Fat,8.615,0.116484721
NCA41,Health and Hygiene,Low Fat,16.75,0.032652796
NCX17,Health and Hygiene,Low Fat,21.25,0.113833823
NCV54,Household,Low Fat,11.1,0.033176087
FDO12,Baking Goods,Low Fat,15.75,0.055241242
FDB44,Fruits and Vegetables,Low Fat,6.655,0.07371877399126638
FDE57,Fruits and Vegetables,Low Fat,9.6,0.036490369
FDN20,Fruits and Vegetables,Low Fat,19.35,0.026329989
NCD19,Household,Low Fat,8.93,0.013253936
NCG55,Household,Low Fat,16.25,0.06496310372991851
NCO54,Household,Low Fat,19.5,0.014355033
FDE46,Snack Foods,Low Fat,18.6,0.015858893
FDR37,Breakfast,Regular,16.5,0.066383907
FDA25,Canned,Regular,16.5,0.068263916
FDU50,Dairy,Regular,5.75,0.075322658
FDG46,Snack Foods,Regular,8.63,0.032976399
FDM12,Baking Goods,Regular,16.7,0.070312473
FDW38,Dairy,Regular,5.325,0.139464425
FDZ14,Dairy,Regular,7.71,0.047857877
FDS19,Fruits and Vegetables,Regular,13.8,0.06457046
FDU35,Breads,Low Fat,6.44,0.07106850242735044
FDA13,Canned,Low Fat,15.85,0.078540095
FDT04,Frozen Foods,Low Fat,17.25,0.107021498
NCZ41,Health and Hygiene,Low Fat,19.85,0.064409056
NCD54,Household,Low Fat,21.1,0.029003459
FDQ09,Snack Foods,Low Fat,7.235,0.058121214
FDI48,Baking Goods,Regular,11.85,0.07433118783250414
FDZ49,Canned,Regular,11.0,0.13312044
FDJ02,Canned,Regular,17.2,0.025162022
FDN46,Snack Foods,Regular,7.21,0.14460413
FDI34,Snack Foods,Regular,10.65,0.085119855
FDG22,Snack Foods,Regular,17.6,0.041373331
FDB17,Frozen Foods,Low Fat,13.15,0.061381589
DRK35,Hard Drinks,Low Fat,8.365,0.120256303
NCP29,Health and Hygiene,Low Fat,8.42,0.187918654
NCZ29,Health and Hygiene,Low Fat,15.0,0.119461188
NCS30,Household,Low Fat,5.945,0.155706798
NCA42,Household,Low Fat,6.965,0.047784475
FDT58,Snack Foods,Low Fat,9.0,0.143870574
FDT12,Baking Goods,Regular,6.215,0.083056555
FDW12,Baking Goods,Regular,8.315,0.059540542
FDF26,Canned,Regular,6.825,0.078057026
FDV37,Canned,Regular,13.0,0.139785104
FDO22,Snack Foods,Regular,13.5,0.029893094
FDC41,Frozen Foods,Low Fat,15.6,0.116815953
FDS07,Fruits and Vegetables,Low Fat,12.35,0.099674817
DRH37,Soft Drinks,Low Fat,17.6,0.041581725
FDH02,Canned,Regular,7.27,0.02076385
FDC51,Dairy,Regular,10.895,0.009613854
FDT07,Fruits and Vegetables,Regular,5.82,0.077254736
FDJ44,Fruits and Vegetables,Regular,12.3,0.106238768
FDI10,Snack Foods,Regular,8.51,0.078339081
FDD11,Starchy Foods,Low Fat,12.85,0.07518351486466165
FDN12,Baking Goods,Low Fat,15.6,0.07433118783250414
FDQ52,Frozen Foods,Low Fat,17.0,0.119871307
FDJ08,Fruits and Vegetables,Low Fat,11.1,0.111122936
FDY19,Fruits and Vegetables,Low Fat,19.75,0.041533438
NCP17,Health and Hygiene,Low Fat,19.35,0.027827268
NCS38,Household,Low Fat,8.6,0.090558833
DRJ25,Soft Drinks,Low Fat,14.6,0.151180862
FDY26,Dairy,Regular,20.6,0.030634813
FDP11,Breads,Low Fat,10.6,0.068765925
FDR23,Breads,Low Fat,10.6,0.08139146
FDB27,Dairy,Low Fat,13.35,0.055121892
FDK28,Frozen Foods,Low Fat,12.85,0.065272284
FDK52,Frozen Foods,Low Fat,12.85,0.06980413064720498
FDU52,Frozen Foods,Low Fat,12.85,0.063462048
NCA06,Household,Low Fat,13.15,0.142589751
NCH54,Household,Low Fat,13.15,0.072317217
NCZ06,Household,Low Fat,13.15,0.09370568
NCL07,Others,Low Fat,14.5,0.0311868
FDF24,Baking Goods,Regular,11.65,0.02524761
FDR40,Frozen Foods,Regular,12.85,0.00799548
FDW16,Frozen Foods,Regular,12.85,0.041273391
FDY04,Frozen Foods,Regular,12.85,0.042270751
FDO31,Fruits and Vegetables,Regular,13.1,0.028842332
FDF34,Snack Foods,Regular,13.15,0.013951504
DRC36,Soft Drinks,Regular,11.8,0.044767032
FDQ23,Breads,Low Fat,10.6,0.024407061
NCS05,Health and Hygiene,Low Fat,12.15,0.020876485
FDB34,Snack Foods,Low Fat,13.15,0.026480954
FDB56,Fruits and Vegetables,Regular,8.75,0.07461309
FDG02,Canned,Low Fat,7.855,0.011307038
FDM15,Meat,Regular,11.8,0.057373797
FDO08,Fruits and Vegetables,Regular,13.1,0.09415375
FDI24,Baking Goods,Low Fat,11.65,0.078362484
FDS46,Snack Foods,Regular,13.15,0.082741482
FDG28,Frozen Foods,Regular,9.285,0.049559042
FDQ56,Fruits and Vegetables,Low Fat,6.59,0.10550944
FDX23,Baking Goods,Low Fat,6.445,0.029691762
FDR44,Fruits and Vegetables,Regular,6.11,0.102920886
FDU01,Canned,Regular,20.25,0.011995271
FDP59,Breads,Regular,20.85,0.056580228
FDZ15,Dairy,Low Fat,13.1,0.020870744
FDA36,Baking Goods,Low Fat,5.985,0.005677876
NCT41,Health and Hygiene,Low Fat,12.15,0.098031771
NCK54,Household,Low Fat,12.15,0.06496310372991851
FDE16,Frozen Foods,Low Fat,8.895,0.026384672
NCL19,Others,Low Fat,15.35,0.015673267
FDT32,Fruits and Vegetables,Regular,13.1,0.065316099
FDS10,Snack Foods,Low Fat,13.15,0.0350152
FDQ15,Meat,Regular,12.35,0.150341867
FDV01,Canned,Regular,12.15,0.07177910014772726
FDD04,Dairy,Low Fat,16.0,0.090153756
NCL31,Others,Low Fat,7.39,0.120467994
FDA33,Snack Foods,Low Fat,6.48,0.033952603
FDT59,Breads,Low Fat,13.65,0.07106850242735044
FDE26,Canned,Low Fat,9.3,0.089144149
FDC17,Frozen Foods,Low Fat,12.15,0.015484763
FDM44,Fruits and Vegetables,Low Fat,12.5,0.031097948
DRI11,Hard Drinks,Low Fat,8.26,0.034457776
DRL47,Hard Drinks,Low Fat,19.7,0.07054673574111675
NCB30,Household,Low Fat,14.6,0.025742955
NCI18,Household,Low Fat,18.35,0.014045832
NCP06,Household,Low Fat,20.7,0.039306822
NCO02,Others,Low Fat,11.15,0.06402977602515723
DRE37,Soft Drinks,Low Fat,13.5,0.094366079
FDJ12,Baking Goods,Regular,8.895,0.039101813
FDX11,Baking Goods,Regular,16.0,0.106918052
FDB37,Baking Goods,Regular,20.25,0.022976493
FDY15,Dairy,Regular,18.25,0.171093639
FDY20,Fruits and Vegetables,Regular,12.5,0.081879864
FDP44,Fruits and Vegetables,Regular,16.5,0.079837509
FDS32,Fruits and Vegetables,Regular,17.75,0.029700018
FDG09,Fruits and Vegetables,Regular,20.6,0.048010812
FDW51,Meat,Regular,6.155,0.094807042
FDK58,Snack Foods,Regular,11.35,0.045052492
FDA09,Snack Foods,Regular,13.35,0.149598628
DRM49,Soft Drinks,Regular,6.11,0.06926435932603406
FDD47,Starchy Foods,Regular,7.6,0.142632186
FDC03,Dairy,Regular,8.575,0.071958197
FDU31,Fruits and Vegetables,Regular,10.5,0.02502991
FDX24,Baking Goods,Low Fat,11.65,0.024387984
FDH08,Fruits and Vegetables,Low Fat,13.1,0.030516069
FDR08,Fruits and Vegetables,Low Fat,13.1,0.065872936
FDU07,Fruits and Vegetables,Low Fat,13.1,0.104784329
FDU32,Fruits and Vegetables,Low Fat,13.1,0.045465958
NCB19,Household,Low Fat,13.15,0.158096128
FDK33,Snack Foods,Low Fat,13.15,0.019671473
FDX09,Snack Foods,Low Fat,13.15,0.114243048
FDZ22,Snack Foods,Low Fat,13.15,0.079261744
FDY38,Dairy,Regular,13.35,0.208662546
FDP40,Frozen Foods,Regular,12.85,0.060154968
FDD51,Dairy,Low Fat,13.35,0.210021713
FDZ48,Baking Goods,Low Fat,17.75,0.075959623
FDT28,Frozen Foods,Low Fat,13.3,0.06356617
DRN11,Hard Drinks,Low Fat,7.85,0.162980276
NCI29,Health and Hygiene,Low Fat,8.6,0.032621545
NCP43,Others,Low Fat,17.75,0.03050705
FDP57,Snack Foods,Low Fat,17.5,0.07086596150265016
FDA22,Starchy Foods,Low Fat,7.435,0.084452363
FDW40,Frozen Foods,Regular,14.0,0.105145451
FDC33,Fruits and Vegetables,Regular,8.96,0.06893834
FDO39,Meat,Regular,6.985,0.137366883
FDI21,Snack Foods,Regular,5.59,0.056602818
FDW09,Snack Foods,Regular,13.65,0.025920816
FDN58,Snack Foods,Regular,13.8,0.056872392
FDT36,Baking Goods,Low Fat,12.3,0.111500259
FDS35,Breads,Low Fat,9.3,0.11144608
FDX59,Breads,Low Fat,10.195,0.051766042
FDF14,Canned,Low Fat,7.55,0.027224917
FDX26,Dairy,Low Fat,17.7,0.087986599
FDX16,Frozen Foods,Low Fat,17.85,0.06594351
FDA56,Fruits and Vegetables,Low Fat,9.21,0.008782561
FDP07,Fruits and Vegetables,Low Fat,18.2,0.090084098
NCD43,Household,Low Fat,8.85,0.016052446
NCB43,Household,Low Fat,20.2,0.100114941
FDK45,Seafood,Low Fat,11.65,0.033926852
FDK48,Baking Goods,Low Fat,7.445,0.037845086
FDZ38,Dairy,Low Fat,17.6,0.008046275
DRH39,Dairy,Low Fat,20.7,0.093214498
FDQ16,Frozen Foods,Low Fat,19.7,0.041974489
FDX20,Fruits and Vegetables,Low Fat,7.365,0.04280099
DRK23,Hard Drinks,Low Fat,8.395,0.072383777
DRO47,Hard Drinks,Low Fat,10.195,0.112859454
NCI17,Health and Hygiene,Low Fat,8.645,0.1442339
NCL29,Health and Hygiene,Low Fat,9.695,0.114583922
FDP39,Meat,Low Fat,12.65,0.069817659
FDN16,Frozen Foods,Regular,12.6,0.062827447
FDG56,Fruits and Vegetables,Regular,13.3,0.071597469
FDT55,Fruits and Vegetables,Regular,13.6,0.043743689
FDH20,Fruits and Vegetables,Regular,16.1,0.024999711
FDA47,Baking Goods,Regular,10.5,0.11733375
FDS11,Breads,Regular,7.05,0.05587277
FDF21,Fruits and Vegetables,Regular,10.3,0.059160135
FDM51,Meat,Regular,11.8,0.026072872
FDI58,Snack Foods,Regular,7.64,0.071104408
FDM57,Snack Foods,Regular,11.65,0.076278201
FDU02,Dairy,Low Fat,13.35,0.103091351
FDD32,Fruits and Vegetables,Regular,17.7,0.041163522
FDV23,Breads,Low Fat,11.0,0.105816753
FDX37,Canned,Low Fat,16.2,0.063017421
FDX40,Frozen Foods,Low Fat,12.85,0.06980413064720498
DRK11,Hard Drinks,Low Fat,8.21,0.010762387
DRL23,Hard Drinks,Low Fat,18.35,0.015301418
NCN05,Health and Hygiene,Low Fat,8.235,0.014456938
FDA21,Snack Foods,Low Fat,13.65,0.03595391
FDG59,Starchy Foods,Low Fat,15.85,0.043226398
FDL12,Baking Goods,Regular,15.85,0.121609722
FDU37,Canned,Regular,9.5,0.104488444
FDE14,Canned,Regular,13.65,0.031439206
FDH31,Meat,Regular,12.0,0.020407296
FDO15,Meat,Regular,16.75,0.008564925
FDG34,Snack Foods,Regular,11.5,0.037563325
FDH47,Starchy Foods,Regular,13.5,0.128791854
NCM05,Health and Hygiene,Low Fat,6.825,0.100171568
NCR53,Health and Hygiene,Low Fat,12.15,0.242768664
NCF06,Household,Low Fat,6.235,0.033807904
NCV42,Household,Low Fat,6.26,0.052593952
NCU54,Household,Low Fat,8.88,0.165073642
NCK18,Household,Low Fat,9.6,0.011211251
NCC30,Household,Low Fat,16.6,0.046161923
NCF42,Household,Low Fat,17.35,0.280164929
FDP15,Meat,Low Fat,15.2,0.06535955496790123
DRB25,Soft Drinks,Low Fat,12.3,0.116261335
FDM02,Canned,Regular,12.5,0.12341737
FDA01,Canned,Regular,15.0,0.091018048
FDI16,Frozen Foods,Regular,14.0,0.227260689
FDF08,Fruits and Vegetables,Regular,14.3,0.109144085
FDB58,Snack Foods,Regular,10.5,0.022590318
FDZ59,Baking Goods,Regular,6.63,0.174110803
FDK36,Baking Goods,Low Fat,7.09,0.00720931
FDS48,Baking Goods,Low Fat,15.15,0.027756137
FDC02,Canned,Low Fat,21.35,0.068765205
FDE29,Frozen Foods,Low Fat,8.905,0.143010016
FDE45,Fruits and Vegetables,Low Fat,12.1,0.040323731
FDT31,Fruits and Vegetables,Low Fat,19.75,0.012437935
DRL35,Hard Drinks,Low Fat,15.7,0.03067808
DRP35,Hard Drinks,Low Fat,18.85,0.09079168
NCU53,Health and Hygiene,Low Fat,5.485,0.042716235
NCF19,Household,Low Fat,13.0,0.035079516
NCG19,Household,Low Fat,20.25,0.14781046
FDT21,Snack Foods,Low Fat,7.42,0.020374875
FDT57,Snack Foods,Low Fat,15.2,0.019018943
FDP46,Snack Foods,Low Fat,15.35,0.074553522
DRF13,Soft Drinks,Low Fat,12.1,0.06926435932603406
DRG36,Soft Drinks,Low Fat,14.15,0.095298849
FDW52,Frozen Foods,Regular,14.0,0.037491314
FDY16,Frozen Foods,Regular,18.35,0.092150005
FDZ43,Fruits and Vegetables,Regular,11.0,0.057011062
FDE33,Fruits and Vegetables,Regular,19.35,0.049594299
FDU43,Fruits and Vegetables,Regular,19.35,0.07371877399126638
FDO25,Canned,Low Fat,6.3,0.127968205
FDY25,Canned,Low Fat,12.0,0.034112833
FDX02,Dairy,Low Fat,16.0,0.057292529
FDU55,Fruits and Vegetables,Low Fat,16.2,0.036057562
NCH42,Household,Low Fat,6.86,0.036686158
FDK22,Snack Foods,Low Fat,9.8,0.026192765
FDC58,Snack Foods,Low Fat,10.195,0.042113173
FDP58,Snack Foods,Low Fat,11.1,0.135692831
FDV48,Baking Goods,Regular,9.195,0.051827123
FDK60,Baking Goods,Regular,16.5,0.094246644
FDS59,Breads,Regular,14.8,0.04407225
FDN25,Breakfast,Regular,7.895,0.061424738
FDG38,Canned,Regular,8.975,0.07177910014772726
FDY28,Frozen Foods,Regular,7.47,0.15277077
FDT16,Frozen Foods,Regular,9.895,0.048860587
FDU28,Frozen Foods,Regular,19.2,0.094300933
FDZ33,Snack Foods,Low Fat,10.195,0.107834541
NCJ05,Health and Hygiene,Low Fat,12.15,0.045865089
FDS01,Canned,Low Fat,12.15,0.017659068
DRI39,Dairy,Low Fat,13.35,0.096592065
FDI28,Frozen Foods,Low Fat,12.85,0.026194237
FDL04,Frozen Foods,Low Fat,12.85,0.111381428
DRJ59,Hard Drinks,Low Fat,10.1,0.07054673574111675
NCO29,Health and Hygiene,Low Fat,12.15,0.032099989
NCE42,Household,Low Fat,13.15,0.01055095
NCI42,Household,Low Fat,13.15,0.01031535
NCQ54,Household,Low Fat,13.15,0.012481638
FDV45,Snack Foods,Low Fat,13.15,0.044829295
FDO49,Breakfast,Regular,10.695,0.032892112
FDE51,Dairy,Regular,13.35,0.096000183
FDR19,Fruits and Vegetables,Regular,13.1,0.158947217
FDR31,Fruits and Vegetables,Regular,13.1,0.048924811
FDA46,Snack Foods,Low Fat,13.6,0.117818348
FDF09,Fruits and Vegetables,Low Fat,13.1,0.012090074
DRL01,Soft Drinks,Regular,19.5,0.077608838
NCN55,Others,Low Fat,14.6,0.059582996
FDU44,Fruits and Vegetables,Regular,12.15,0.058414678
FDT39,Meat,Regular,6.26,0.009866049
DRQ35,Hard Drinks,Low Fat,10.1,0.042086652
FDU09,Snack Foods,Regular,7.71,0.06670068
FDH26,Canned,Regular,19.25,0.034699737
FDL51,Dairy,Regular,20.7,0.047684831
NCA54,Household,Low Fat,16.5,0.036715907
FDO28,Frozen Foods,Low Fat,5.765,0.072284689
FDQ37,Breakfast,Low Fat,20.75,0.149404057
DRG01,Soft Drinks,Low Fat,14.8,0.044869794
DRH13,Soft Drinks,Low Fat,8.575,0.023983258
FDY51,Meat,Low Fat,12.5,0.081465335
FDA34,Starchy Foods,Low Fat,13.175,0.014788594
FDG20,Fruits and Vegetables,Regular,15.5,0.210375806
FDR24,Baking Goods,Regular,17.35,0.062979148
NCI43,Household,Low Fat,19.85,0.025963795
FDF40,Dairy,Regular,20.25,0.022639471
FDS03,Meat,Low Fat,12.35,0.139419417
FDR58,Snack Foods,Low Fat,13.15,0.041718456
FDA15,Dairy,Low Fat,9.3,0.016054884
FDS49,Canned,Low Fat,9.0,0.079794329
FDZ35,Breads,Regular,9.6,0.022278477
DRM48,Soft Drinks,Low Fat,15.2,0.113125627
FDC09,Fruits and Vegetables,Regular,15.5,0.026409147
FDU36,Baking Goods,Low Fat,6.15,0.046342889
FDN13,Breakfast,Low Fat,18.6,0.152294691
FDD02,Canned,Low Fat,16.6,0.050369191
FDA32,Fruits and Vegetables,Low Fat,14.0,0.030140981
DRH23,Hard Drinks,Low Fat,14.65,0.07054673574111675
NCK17,Health and Hygiene,Low Fat,11.0,0.037953762
NCK53,Health and Hygiene,Low Fat,11.6,0.037639672
NCR41,Health and Hygiene,Low Fat,17.85,0.018052019
NCS17,Health and Hygiene,Low Fat,18.6,0.080626601
NCZ30,Household,Low Fat,6.59,0.026225693
NCY54,Household,Low Fat,8.43,0.177971115
NCM55,Others,Low Fat,15.6,0.066829875
NCI31,Others,Low Fat,20.0,0.0814536
FDX34,Snack Foods,Low Fat,6.195,0.072097449
FDM46,Snack Foods,Low Fat,7.365,0.160216552
FDD34,Snack Foods,Low Fat,7.945,0.015900971
FDM10,Snack Foods,Low Fat,18.25,0.076089711
DRD37,Soft Drinks,Low Fat,9.8,0.013863257
FDZ26,Dairy,Regular,11.6,0.144241314
FDD41,Frozen Foods,Regular,6.765,0.08739577
FDV16,Frozen Foods,Regular,7.75,0.083059634
FDG41,Frozen Foods,Regular,8.84,0.076681143
FDD44,Fruits and Vegetables,Regular,8.05,0.078522357
FDV44,Fruits and Vegetables,Regular,8.365,0.039906377
FDF57,Fruits and Vegetables,Regular,14.5,0.058918844
FDQ07,Fruits and Vegetables,Regular,15.1,0.087542757
FDZ31,Fruits and Vegetables,Regular,15.35,0.07371877399126638
FDM27,Meat,Regular,12.35,0.158715731
FDQ03,Meat,Regular,15.0,0.06535955496790123
DRY23,Soft Drinks,Regular,9.395,0.109265987
FDO36,Baking Goods,Low Fat,11.65,0.136417078
FDP26,Dairy,Low Fat,13.35,0.244338986
FDC28,Frozen Foods,Low Fat,12.85,0.06980413064720498
FDI20,Fruits and Vegetables,Low Fat,13.1,0.067520165
FDR07,Fruits and Vegetables,Low Fat,13.1,0.136119549
NCQ29,Health and Hygiene,Low Fat,12.15,0.182493512
NCX29,Health and Hygiene,Low Fat,12.15,0.156094569
NCU06,Household,Low Fat,13.15,0.13027716
FDL15,Meat,Low Fat,12.35,0.081651443
FDP34,Snack Foods,Low Fat,13.15,0.240268248
FDG08,Fruits and Vegetables,Regular,13.1,0.289522833
FDQ32,Fruits and Vegetables,Regular,13.1,0.081605462
FDX56,Fruits and Vegetables,Regular,13.1,0.129668578
FDX03,Meat,Regular,12.35,0.106971167
FDL09,Snack Foods,Regular,13.15,0.22417463
FDM22,Snack Foods,Regular,13.15,0.073462632
NCY30,Household,Low Fat,20.25,0.025953257
FDS60,Baking Goods,Low Fat,20.85,0.032448523
FDW47,Breads,Low Fat,15.0,0.046375227
FDU38,Dairy,Low Fat,10.8,0.082549896
FDU14,Dairy,Low Fat,17.75,0.034752647
FDR04,Frozen Foods,Low Fat,7.075,0.022566975
FDL08,Fruits and Vegetables,Low Fat,10.8,0.049719026
NCO41,Health and Hygiene,Low Fat,12.5,0.018848862
NCR06,Household,Low Fat,12.5,0.006765149
NCK19,Others,Low Fat,9.8,0.09046564
FDH33,Snack Foods,Low Fat,12.85,0.121725411
FDM34,Snack Foods,Low Fat,19.0,0.067447572
DRE01,Soft Drinks,Low Fat,10.1,0.167155198
DRF36,Soft Drinks,Low Fat,16.1,0.023577298
FDQ59,Breads,Regular,9.8,0.056386541
FDR59,Breads,Regular,14.5,0.063863551
FDN38,Canned,Regular,6.615,0.091971856
FDT01,Canned,Regular,13.65,0.184167712
FDY37,Canned,Regular,17.0,0.026568875
FDZ03,Dairy,Regular,13.65,0.078786674
FDQ28,Frozen Foods,Regular,14.0,0.060427062
FDR32,Fruits and Vegetables,Regular,6.78,0.07371877399126638
FDD56,Fruits and Vegetables,Regular,15.2,0.10377827
FDC08,Fruits and Vegetables,Regular,19.0,0.103449993
FDR57,Snack Foods,Regular,5.675,0.023496967
FDU45,Snack Foods,Regular,15.6,0.035506142
DRK12,Soft Drinks,Low Fat,9.5,0.042123243
FDA48,Baking Goods,Low Fat,12.1,0.115107028
FDE24,Baking Goods,Low Fat,14.85,0.093652168
FDW48,Baking Goods,Low Fat,18.0,0.008558144
FDJ50,Canned,Low Fat,8.645,0.021629781
FDO38,Canned,Low Fat,17.25,0.072986772
FDB28,Dairy,Low Fat,6.615,0.093574769
DRE15,Dairy,Low Fat,13.35,0.017821466
FDM28,Frozen Foods,Low Fat,15.7,0.045295529
DRM47,Hard Drinks,Low Fat,9.3,0.043874493
NCM29,Health and Hygiene,Low Fat,11.5,0.017678008
NCG54,Household,Low Fat,12.1,0.079968115
NCY06,Household,Low Fat,15.25,0.061308889
FDP27,Meat,Low Fat,8.155,0.119692888
FDQ34,Snack Foods,Low Fat,10.85,0.162571649
DRE48,Soft Drinks,Low Fat,8.43,0.017360867
FDV36,Baking Goods,Low Fat,18.7,0.026450779
FDP38,Canned,Low Fat,10.1,0.032283676
DRG15,Dairy,Low Fat,6.13,0.077169953
FDD53,Frozen Foods,Low Fat,16.2,0.044472637
FDV40,Frozen Foods,Low Fat,17.35,0.06980413064720498
FDV32,Fruits and Vegetables,Low Fat,7.785,0.089210159
FDG45,Fruits and Vegetables,Low Fat,8.1,0.128760294
FDS20,Fruits and Vegetables,Low Fat,8.85,0.054171606
FDE32,Fruits and Vegetables,Low Fat,20.7,0.04903471
DRI23,Hard Drinks,Low Fat,18.85,0.137972993
NCM17,Health and Hygiene,Low Fat,7.93,0.071538243
NCO53,Health and Hygiene,Low Fat,16.2,0.176175402
FDW34,Snack Foods,Low Fat,9.6,0.035780385
FDK34,Snack Foods,Low Fat,13.35,0.038744606
FDM33,Snack Foods,Low Fat,15.6,0.088215871
DRG13,Soft Drinks,Low Fat,17.25,0.037396492
FDY47,Breads,Regular,8.6,0.054594957
FDU16,Frozen Foods,Regular,19.25,0.06980413064720498
FDY08,Fruits and Vegetables,Regular,9.395,0.171422166
FDM09,Snack Foods,Regular,11.15,0.086105815
FDS34,Snack Foods,Regular,19.35,0.076914745
FDM24,Baking Goods,Regular,6.135,0.079776075
FDS28,Frozen Foods,Regular,8.18,0.082867689
FDS45,Snack Foods,Regular,5.175,0.029662795
FDP21,Snack Foods,Regular,7.42,0.025886443
FDZ57,Snack Foods,Regular,10.0,0.037977917
FDU21,Snack Foods,Regular,11.8,0.077154417
FDD10,Snack Foods,Regular,20.6,0.046280998
FDI19,Meat,Low Fat,15.1,0.06535955496790123
FDQ13,Canned,Low Fat,11.1,0.010639596
FDV47,Breads,Low Fat,17.1,0.054197299
FDY50,Dairy,Low Fat,5.8,0.130931048
FDA50,Dairy,Low Fat,16.25,0.087158654
FDN40,Frozen Foods,Low Fat,5.88,0.08644044
FDO32,Fruits and Vegetables,Low Fat,6.36,0.120520818
FDC56,Fruits and Vegetables,Low Fat,7.72,0.121497742
FDC20,Fruits and Vegetables,Low Fat,10.65,0.07371877399126638
FDS43,Fruits and Vegetables,Low Fat,11.65,0.040507228
FDT08,Fruits and Vegetables,Low Fat,13.65,0.049209192
NCX05,Health and Hygiene,Low Fat,15.2,0.097043739
NCS06,Household,Low Fat,7.935,0.031730739
NCN18,Household,Low Fat,8.895,0.06496310372991851
NCL18,Household,Low Fat,18.85,0.167552202
FDN27,Meat,Low Fat,20.85,0.039555016
DRI49,Soft Drinks,Low Fat,14.15,0.183472595
FDY24,Baking Goods,Regular,4.88,0.07433118783250414
FDQ26,Dairy,Regular,13.5,0.067859568
FDB03,Dairy,Regular,17.75,0.156802171
FDC29,Frozen Foods,Regular,8.39,0.024201684
FDH17,Frozen Foods,Regular,16.2,0.016650191
FDU33,Snack Foods,Regular,7.63,0.134684292
FDW46,Snack Foods,Regular,13.0,0.070288365
DRB13,Soft Drinks,Regular,6.115,0.007043008
DRH59,Hard Drinks,Low Fat,10.8,0.097805615
FDO60,Baking Goods,Low Fat,20.0,0.057527544
FDB32,Fruits and Vegetables,Low Fat,20.6,0.039255412
DRG11,Hard Drinks,Low Fat,6.385,0.14032811
NCP02,Household,Low Fat,7.105,0.075000682
NCT30,Household,Low Fat,9.1,0.134393836
NCR42,Household,Low Fat,9.105,0.064410783
NCE43,Household,Low Fat,12.5,0.17314115
NCD55,Household,Low Fat,14.0,0.040725405
FDH35,Starchy Foods,Low Fat,18.25,0.10084386
FDB49,Baking Goods,Regular,8.3,0.05046718
FDT11,Breads,Regular,5.94,0.049163321
FDK03,Dairy,Regular,12.6,0.123727659
FDW55,Fruits and Vegetables,Regular,12.6,0.036773101
FDP37,Breakfast,Low Fat,15.6,0.142986863
FDG50,Canned,Low Fat,7.405,0.015259084
FDH16,Frozen Foods,Low Fat,10.5,0.052511611
FDL40,Frozen Foods,Low Fat,17.7,0.011603492
FDG32,Fruits and Vegetables,Low Fat,19.85,0.175849067
NCS29,Health and Hygiene,Low Fat,9.0,0.069487587
NCN26,Household,Low Fat,10.85,0.06496310372991851
NCS18,Household,Low Fat,12.65,0.042175992
NCG06,Household,Low Fat,16.35,0.029420857
NCX30,Household,Low Fat,16.7,0.026598474
NCF18,Household,Low Fat,18.35,0.088908547
NCJ06,Household,Low Fat,20.1,0.034623782
NCP55,Others,Low Fat,14.65,0.011180713
FDI57,Seafood,Low Fat,19.85,0.053980686
FDF35,Starchy Foods,Low Fat,15.0,0.153861181
FDY01,Canned,Regular,11.8,0.170141787
FDA07,Fruits and Vegetables,Regular,7.55,0.030918873
FDK20,Fruits and Vegetables,Regular,12.6,0.04152307
FDA55,Fruits and Vegetables,Regular,17.2,0.056941603
FDW32,Fruits and Vegetables,Regular,18.35,0.094218363
FDR27,Meat,Regular,15.1,0.096020459
FDK10,Snack Foods,Regular,5.785,0.040325274
FDC34,Snack Foods,Regular,16.0,0.172615327
DRZ11,Soft Drinks,Regular,8.85,0.112571187
FDN09,Snack Foods,Low Fat,14.15,0.035016754
DRD25,Soft Drinks,Low Fat,6.135,0.079293753
FDL16,Frozen Foods,Low Fat,12.85,0.169139066
FDB21,Fruits and Vegetables,Low Fat,7.475,0.149125615
FDD09,Fruits and Vegetables,Low Fat,13.5,0.021583971
NCK30,Household,Low Fat,14.85,0.061226969
NCW06,Household,Low Fat,16.2,0.050545502
FDY45,Snack Foods,Low Fat,17.5,0.026248606
FDU34,Snack Foods,Low Fat,18.25,0.075501241
FDX47,Breads,Regular,6.55,0.034745307
FDA37,Canned,Regular,7.81,0.055451725
FDP13,Canned,Regular,8.1,0.134870732
FDQ25,Canned,Regular,8.63,0.028391879
FDJ03,Dairy,Regular,12.35,0.072689818
FDM16,Frozen Foods,Regular,8.155,0.033692089
FDN08,Fruits and Vegetables,Regular,7.72,0.07371877399126638
FDF45,Fruits and Vegetables,Regular,18.2,0.012254429
FDE23,Starchy Foods,Regular,17.6,0.053397642
DRJ01,Soft Drinks,Low Fat,6.135,0.115500999
FDM20,Fruits and Vegetables,Low Fat,13.1,0.07371877399126638
FDW08,Fruits and Vegetables,Low Fat,13.1,0.147663025
NCR50,Household,Low Fat,13.15,0.011762847
FDJ48,Baking Goods,Low Fat,11.65,0.056161529
FDF50,Canned,Low Fat,12.15,0.116762173
FDX28,Frozen Foods,Low Fat,12.85,0.06980413064720498
FDC32,Fruits and Vegetables,Low Fat,13.1,0.098629062
FDD20,Fruits and Vegetables,Low Fat,13.1,0.020614212
DRK59,Hard Drinks,Low Fat,10.1,0.075084457
FDL43,Meat,Low Fat,12.35,0.026933321
NCM43,Others,Low Fat,14.5,0.01938106
FDP33,Snack Foods,Low Fat,13.15,0.088839949
FDV21,Snack Foods,Low Fat,13.15,0.170254469
FDN23,Breads,Regular,10.6,0.075142108
FDQ31,Fruits and Vegetables,Regular,13.1,0.053586458
FDL03,Meat,Regular,12.35,0.026949463
FDO27,Meat,Regular,12.35,0.178210285
FDJ33,Snack Foods,Regular,13.15,0.087894475
FDZ21,Snack Foods,Regular,13.15,0.039031927
FDN22,Snack Foods,Regular,18.85,0.138190277
FDM40,Frozen Foods,Low Fat,10.195,0.159803853
FDN33,Snack Foods,Regular,6.305,0.123115764
NCO17,Health and Hygiene,Low Fat,12.15,0.128478462
FDL58,Snack Foods,Regular,5.78,0.07086596150265016
DRJ51,Dairy,Low Fat,14.1,0.087977262
FDY03,Meat,Regular,17.6,0.076276208
FDG29,Frozen Foods,Low Fat,17.6,0.056245075
DRP47,Hard Drinks,Low Fat,15.75,0.141398626
FDJ22,Snack Foods,Low Fat,13.15,0.09246392
FDF11,Starchy Foods,Regular,10.195,0.017627888
FDX08,Fruits and Vegetables,Low Fat,12.85,0.022604051
DRH15,Dairy,Low Fat,8.775,0.07670093052484472
FDS26,Dairy,Low Fat,13.35,0.089035961
FDL48,Baking Goods,Regular,19.35,0.082197959
FDB38,Canned,Regular,12.15,0.07177910014772726
FDW44,Fruits and Vegetables,Regular,9.5,0.035205866
FDB16,Dairy,Low Fat,8.21,0.044995631
FDM14,Canned,Low Fat,13.8,0.013263968
FDV56,Fruits and Vegetables,Regular,13.1,0.013529884
FDM52,Frozen Foods,Low Fat,15.1,0.026046138
FDH58,Snack Foods,Low Fat,12.3,0.037014587
FDZ08,Fruits and Vegetables,Regular,13.1,0.109459733
NCK42,Household,Low Fat,7.475,0.013120028
NCR30,Household,Low Fat,20.6,0.071282168
FDN52,Frozen Foods,Regular,12.85,0.13093275
FDA43,Fruits and Vegetables,Low Fat,10.895,0.064621927
NCY05,Health and Hygiene,Low Fat,13.5,0.054990009
FDZ12,Baking Goods,Low Fat,9.17,0.103138922
FDH24,Baking Goods,Low Fat,20.7,0.021464454
FDW25,Canned,Low Fat,5.175,0.037457098
FDC38,Canned,Low Fat,15.7,0.122684413
FDS50,Dairy,Low Fat,17.0,0.055519561
FDN31,Fruits and Vegetables,Low Fat,11.5,0.072994847
FDV43,Fruits and Vegetables,Low Fat,16.0,0.076975118
FDI32,Fruits and Vegetables,Low Fat,17.7,0.174644552
NCG42,Household,Low Fat,19.2,0.041291929
FDV03,Meat,Low Fat,17.6,0.058181585
FDQ22,Snack Foods,Low Fat,16.75,0.029785889
DRK49,Soft Drinks,Low Fat,14.15,0.035999599
FDV11,Breads,Regular,9.1,0.081794766
FDU26,Dairy,Regular,16.7,0.042685217
FDI53,Frozen Foods,Regular,8.895,0.137858955
FDU20,Fruits and Vegetables,Regular,19.35,0.021490911
FDW36,Baking Goods,Low Fat,11.65,0.099681705
FDY13,Canned,Low Fat,12.15,0.052749199
NCY29,Health and Hygiene,Low Fat,12.15,0.135226962
NCG30,Household,Low Fat,13.15,0.196659953
FDG31,Meat,Low Fat,12.35,0.066351687
FDV15,Meat,Low Fat,12.35,0.255929096
DRF25,Soft Drinks,Low Fat,11.8,0.068153091
FDH14,Canned,Regular,12.15,0.081955735
FDL52,Frozen Foods,Regular,12.85,0.080697998
FDH45,Fruits and Vegetables,Regular,13.1,0.185008985
FDO56,Fruits and Vegetables,Regular,13.1,0.078758649
FDS21,Snack Foods,Regular,13.15,0.036551446
FDR35,Breads,Low Fat,12.5,0.020697723
FDX13,Canned,Low Fat,7.725,0.047782959
FDO50,Canned,Low Fat,16.25,0.078168739
FDG40,Frozen Foods,Low Fat,13.65,0.039824346
NCE07,Household,Low Fat,8.18,0.013130031
FDZ10,Snack Foods,Low Fat,17.85,0.044463491
FDW45,Snack Foods,Low Fat,18.0,0.03901099
FDN45,Snack Foods,Low Fat,19.35,0.118102769
DRZ24,Soft Drinks,Low Fat,7.535,0.081787519
FDS36,Baking Goods,Regular,8.38,0.04688734
FDI38,Canned,Regular,13.35,0.014626901
FDE05,Frozen Foods,Regular,10.895,0.032454046
FDH46,Snack Foods,Regular,6.935,0.041282286
FDS58,Snack Foods,Regular,9.285,0.07086596150265016
FDY57,Snack Foods,Regular,20.2,0.121254236
FDB51,Dairy,Low Fat,6.92,0.038671588
FDU13,Canned,Low Fat,8.355,0.187939003
DRF51,Dairy,Low Fat,15.75,0.166174549
FDD39,Dairy,Low Fat,16.7,0.070297175
FDS40,Frozen Foods,Low Fat,15.35,0.014047825
FDL44,Fruits and Vegetables,Low Fat,18.25,0.012300013
DRK47,Hard Drinks,Low Fat,7.905,0.064194304
NCM41,Health and Hygiene,Low Fat,16.5,0.035728302
NCA17,Health and Hygiene,Low Fat,20.6,0.04551031
NCO26,Household,Low Fat,7.235,0.077011493
FDM21,Snack Foods,Low Fat,20.2,0.06449461
FDE02,Canned,Low Fat,8.71,0.121936216
FDQ20,Fruits and Vegetables,Low Fat,8.325,0.029953314
FDI44,Fruits and Vegetables,Low Fat,16.1,0.100799828
DRF23,Hard Drinks,Low Fat,4.61,0.123346085
NCQ30,Household,Low Fat,7.725,0.029236727
FDS39,Meat,Low Fat,6.895,0.022587621
FDJ09,Snack Foods,Low Fat,15.0,0.058725134
DRM37,Soft Drinks,Low Fat,15.35,0.096943078
FDX52,Frozen Foods,Regular,11.5,0.042087749
FDS22,Snack Foods,Regular,16.85,0.023201857
FDS44,Fruits and Vegetables,Regular,12.65,0.156926608
FDR34,Snack Foods,Regular,17.0,0.016055615
FDN51,Meat,Regular,17.85,0.021065311
NCO42,Household,Low Fat,21.25,0.024650932
FDF33,Seafood,Low Fat,7.97,0.021531416
FDP23,Breads,Low Fat,6.71,0.03558013
FDP25,Canned,Low Fat,15.2,0.021203509
FDD50,Canned,Low Fat,18.85,0.141615436
FDA31,Fruits and Vegetables,Low Fat,7.1,0.109990885
FDL56,Fruits and Vegetables,Low Fat,14.1,0.125756824
NCC55,Household,Low Fat,10.695,0.06375108
FDB22,Snack Foods,Low Fat,8.02,0.111419588
DRG25,Soft Drinks,Low Fat,10.5,0.019046089
FDT14,Dairy,Regular,10.695,0.12770295
FDF44,Fruits and Vegetables,Regular,7.17,0.059716729
FDI08,Fruits and Vegetables,Regular,18.2,0.066284519
FDL21,Snack Foods,Regular,15.85,0.007145063
FDT13,Canned,Low Fat,14.85,0.07177910014772726
FDR26,Dairy,Low Fat,20.7,0.071699984
FDF52,Frozen Foods,Low Fat,9.3,0.11178154
FDM32,Fruits and Vegetables,Low Fat,20.5,0.07371877399126638
NCV29,Health and Hygiene,Low Fat,11.8,0.038235337
NCG18,Household,Low Fat,15.3,0.038460297
NCO55,Others,Low Fat,12.8,0.152377658
FDC47,Snack Foods,Low Fat,15.0,0.19899855
FDI60,Baking Goods,Regular,7.22,0.064141866
FDG10,Snack Foods,Regular,6.63,0.018310142
FDX50,Dairy,Low Fat,20.1,0.074565098
FDZ52,Frozen Foods,Low Fat,19.2,0.099991245
FDA20,Fruits and Vegetables,Low Fat,6.78,0.066565644
FDV08,Fruits and Vegetables,Low Fat,7.35,0.028571132
DRJ11,Hard Drinks,Low Fat,9.5,0.085020342
NCM54,Household,Low Fat,17.7,0.05089667
FDI33,Snack Foods,Low Fat,16.5,0.028395167
DRB01,Soft Drinks,Low Fat,7.39,0.082170947
DRH49,Soft Drinks,Low Fat,19.7,0.024635077
FDR12,Baking Goods,Regular,12.6,0.03150851
FDS24,Baking Goods,Regular,20.85,0.062172698
FDA52,Frozen Foods,Regular,16.2,0.128315409
FDS56,Fruits and Vegetables,Regular,5.785,0.038724612
FDT51,Meat,Regular,11.65,0.010909704
FDG33,Seafood,Regular,5.365,0.140123575
FDC22,Snack Foods,Regular,6.89,0.136314863
FDX33,Snack Foods,Regular,9.195,0.117387066
FDU10,Snack Foods,Regular,10.1,0.045653999
FDN10,Snack Foods,Low Fat,11.5,0.07086596150265016
FDO33,Snack Foods,Low Fat,14.75,0.089686322
DRF60,Soft Drinks,Low Fat,10.8,0.06926435932603406
FDO48,Baking Goods,Regular,15.0,0.026950104
FDM25,Breakfast,Regular,10.695,0.060912865
FDJ38,Canned,Regular,8.6,0.040369315
FDJ26,Canned,Regular,15.3,0.08511049
FDB40,Dairy,Regular,17.5,0.007570599
FDY44,Fruits and Vegetables,Regular,14.15,0.024503972
FDT23,Breads,Regular,7.72,0.075035902
NCW29,Health and Hygiene,Low Fat,12.15,0.028723187
FDK27,Meat,Low Fat,12.35,0.008903212
FDB59,Snack Foods,Low Fat,13.15,0.01520491
FDE58,Snack Foods,Low Fat,13.15,0.07086596150265016
FDN57,Snack Foods,Low Fat,13.15,0.053971566
FDT46,Snack Foods,Low Fat,13.15,0.030657949
DRJ37,Soft Drinks,Low Fat,11.8,0.060805497
FDC35,Starchy Foods,Low Fat,13.175,0.122242847
FDE50,Canned,Regular,12.15,0.01612717
FDI27,Dairy,Regular,13.35,0.045763623
FDL39,Dairy,Regular,13.35,0.06302467
FDW04,Frozen Foods,Regular,12.85,0.06980413064720498
NCL17,Health and Hygiene,Low Fat,7.39,0.067779712
FDA44,Fruits and Vegetables,Low Fat,19.7,0.053212652
FDW11,Breads,Low Fat,12.6,0.049058014
FDV25,Canned,Low Fat,5.905,0.045838211
FDT25,Canned,Low Fat,7.5,0.051038045
FDH40,Frozen Foods,Regular,11.6,0.078929571
FDM60,Baking Goods,Regular,10.8,0.048143292
FDV39,Meat,Low Fat,11.3,0.007309544
FDB29,Frozen Foods,Regular,16.7,0.052517969
NCV05,Health and Hygiene,Low Fat,10.1,0.03020851
FDV02,Dairy,Low Fat,13.35,0.060252433
FDW56,Fruits and Vegetables,Low Fat,7.68,0.118672537
FDW35,Breads,Low Fat,10.6,0.011106465
FDV14,Dairy,Low Fat,19.85,0.044566659
NCH18,Household,Low Fat,9.3,0.044730667
NCW18,Household,Low Fat,15.1,0.059417055
NCK07,Others,Low Fat,10.65,0.048762383
FDT47,Breads,Regular,5.26,0.02454694
FDW27,Meat,Regular,5.86,0.151087845
FDW01,Canned,Low Fat,12.15,0.112161697
NCZ05,Health and Hygiene,Low Fat,12.15,0.10178199
NCH07,Household,Low Fat,13.15,0.162248011
NCQ42,Household,Low Fat,13.15,0.068753558
NCW42,Household,Low Fat,13.15,0.102371638
FDH34,Snack Foods,Low Fat,13.15,0.054443762
FDQ57,Snack Foods,Low Fat,13.15,0.048932713
FDO10,Snack Foods,Regular,13.15,0.07086596150265016
FDY48,Baking Goods,Low Fat,14.0,0.023734872
FDX14,Dairy,Low Fat,13.1,0.07494003
DRF15,Dairy,Low Fat,18.35,0.03321399
NCF07,Household,Low Fat,9.0,0.032022535
NCD07,Household,Low Fat,9.1,0.06496310372991851
NCF31,Household,Low Fat,9.13,0.051847425
NCR18,Household,Low Fat,15.85,0.020487625
NCA30,Household,Low Fat,19.0,0.06496310372991851
DRH36,Soft Drinks,Low Fat,16.2,0.03338006
FDQ48,Baking Goods,Regular,14.3,0.034411238
FDW14,Dairy,Regular,8.3,0.038211537
FDS02,Dairy,Regular,10.195,0.145867347
FDU57,Snack Foods,Regular,8.27,0.089554186
FDA11,Baking Goods,Low Fat,7.75,0.043326511
NCM18,Household,Low Fat,13.0,0.083009876
FDD58,Snack Foods,Low Fat,7.76,0.059472609
FDV24,Baking Goods,Low Fat,5.635,0.103481775
NCN29,Health and Hygiene,Low Fat,15.2,0.012141036
NCM31,Others,Low Fat,6.095,0.081361288
DRC25,Soft Drinks,Low Fat,5.73,0.045463871
FDL26,Canned,Low Fat,18.0,0.073606829
FDI56,Fruits and Vegetables,Low Fat,7.325,0.093913607
NCP54,Household,Low Fat,15.35,0.035348491
NCD18,Household,Low Fat,16.0,0.073080167
FDE47,Starchy Foods,Low Fat,14.15,0.038123176
FDC52,Dairy,Regular,11.15,0.008296692
FDG05,Frozen Foods,Regular,11.0,0.088025298
FDG17,Frozen Foods,Regular,6.865,0.036042939
FDR56,Fruits and Vegetables,Regular,15.5,0.101335811
DRD01,Soft Drinks,Regular,12.1,0.061521569
FDB39,Dairy,Low Fat,11.6,0.038511676
FDA49,Canned,Low Fat,19.7,0.064909488
NCR05,Health and Hygiene,Low Fat,10.1,0.054620504
FDZ23,Baking Goods,Regular,17.75,0.067490036
FDH57,Fruits and Vegetables,Low Fat,10.895,0.059834024
FDY60,Baking Goods,Regular,10.5,0.044139551
FDX12,Baking Goods,Regular,18.2,0.043626605
FDK08,Fruits and Vegetables,Regular,9.195,0.204713036
FDE59,Starchy Foods,Low Fat,12.15,0.062235983
FDZ55,Fruits and Vegetables,Low Fat,6.055,0.025512207
NCN17,Health and Hygiene,Low Fat,11.0,0.055162827
FDC23,Starchy Foods,Low Fat,18.0,0.017979145
FDD23,Starchy Foods,Regular,9.5,0.048883854
DRM35,Hard Drinks,Low Fat,10.1,0.070103425
FDH09,Seafood,Low Fat,11.65,0.055806016
DRG48,Soft Drinks,Low Fat,11.8,0.014484582
FDD35,Starchy Foods,Low Fat,13.175,0.02573918
FDA28,Frozen Foods,Regular,12.85,0.047570401
FDE35,Starchy Foods,Regular,13.175,0.07518351486466165
FDR13,Canned,Regular,9.895,0.028696932
FDV27,Meat,Regular,7.97,0.040071131
FDQ04,Frozen Foods,Low Fat,12.85,0.148392623
FDU08,Fruits and Vegetables,Low Fat,10.3,0.027310252
NCH30,Household,Low Fat,17.1,0.067141355
FDR16,Frozen Foods,Regular,5.845,0.105445801
FDQ51,Meat,Regular,16.0,0.017536671
NCR29,Health and Hygiene,Low Fat,7.565,0.054751689
FDC37,Baking Goods,Low Fat,15.5,0.032924463
FDE21,Fruits and Vegetables,Low Fat,12.8,0.022980361
NCL06,Household,Low Fat,14.65,0.072178679
NCL42,Household,Low Fat,18.85,0.040434372
FDZ46,Snack Foods,Low Fat,7.485,0.069231189
FDB10,Snack Foods,Low Fat,10.0,0.067312613
FDN50,Canned,Regular,16.85,0.026561057
FDC05,Frozen Foods,Regular,13.1,0.098938169
FDI09,Seafood,Regular,20.75,0.12953868
FDO13,Breakfast,Low Fat,10.695,0.106907604
FDA38,Dairy,Low Fat,13.35,0.04461205
FDQ11,Breads,Regular,10.6,0.118535581
FDZ25,Canned,Regular,12.15,0.07177910014772726
FDX22,Snack Foods,Regular,13.15,0.04022593
DRD49,Soft Drinks,Low Fat,9.895,0.167831064
FDC48,Baking Goods,Low Fat,9.195,0.015859294
FDP32,Fruits and Vegetables,Low Fat,6.65,0.087669485
DRO35,Hard Drinks,Low Fat,13.85,0.034570357
NCX18,Household,Low Fat,14.15,0.06496310372991851
NCF54,Household,Low Fat,18.0,0.047377053
DRC49,Soft Drinks,Low Fat,8.67,0.065436581
FDM38,Canned,Regular,5.885,0.092771309
FDR25,Canned,Regular,17.0,0.139521931
FDP08,Fruits and Vegetables,Regular,20.5,0.112410046
FDZ39,Meat,Regular,19.7,0.018024769
FDY36,Baking Goods,Low Fat,12.3,0.009429612
FDS14,Dairy,Low Fat,7.285,0.050065211
FDA57,Snack Foods,Low Fat,18.85,0.039723999
DRJ24,Soft Drinks,Low Fat,11.8,0.113559058
DRN36,Soft Drinks,Low Fat,15.2,0.050279604
NCU30,Household,Low Fat,5.11,0.035071955
NCQ18,Household,Low Fat,15.75,0.135836828
DRJ49,Soft Drinks,Low Fat,6.865,0.014072399
FDW60,Baking Goods,Regular,5.44,0.017096552
FDR01,Canned,Regular,5.405,0.053730029
FDF39,Dairy,Regular,14.85,0.019550858
FDE40,Dairy,Regular,15.6,0.099344826
FDA27,Dairy,Regular,20.35,0.030990354
FDX07,Fruits and Vegetables,Regular,19.2,0.022965292
FDS09,Snack Foods,Regular,8.895,0.08125293
FDT52,Frozen Foods,Regular,9.695,0.047697859
FDS16,Frozen Foods,Regular,15.15,0.066551268
NCZ18,Household,Low Fat,7.825,0.186445212
FDI04,Frozen Foods,Regular,13.65,0.073060301
FDK56,Fruits and Vegetables,Low Fat,9.695,0.07371877399126638
FDE44,Fruits and Vegetables,Low Fat,14.65,0.171355643
FDB12,Baking Goods,Regular,11.15,0.105287746
FDL28,Frozen Foods,Regular,10.0,0.063162608
FDP52,Frozen Foods,Regular,18.7,0.06980413064720498
FDP22,Snack Foods,Regular,14.65,0.099113429
DRA24,Soft Drinks,Regular,19.35,0.039920687
FDH21,Seafood,Low Fat,10.395,0.05226427
NCA18,Household,Low Fat,10.1,0.093862362
NCD31,Household,Low Fat,12.1,0.025834128
FDY02,Dairy,Regular,8.945,0.146701312
DRB48,Soft Drinks,Regular,16.75,0.041599644
FDT48,Baking Goods,Low Fat,4.92,0.045916788
FDB60,Baking Goods,Low Fat,9.3,0.028498354
FDC39,Dairy,Low Fat,7.405,0.159062948
FDV50,Dairy,Low Fat,14.3,0.122469209
DRH11,Hard Drinks,Low Fat,5.98,0.075495088
NCV53,Health and Hygiene,Low Fat,8.27,0.018797945
NCK06,Household,Low Fat,5.03,0.008639333
FDR09,Snack Foods,Low Fat,18.25,0.077659918
DRE13,Soft Drinks,Low Fat,6.28,0.027682047
FDX49,Canned,Regular,4.615,0.101747034
FDY43,Fruits and Vegetables,Low Fat,14.85,0.098803088
DRI13,Soft Drinks,Low Fat,15.35,0.020409765
FDQ55,Fruits and Vegetables,Regular,13.65,0.013091186
FDR14,Dairy,Low Fat,13.35,0.173206192
NCT29,Health and Hygiene,Low Fat,12.15,0.063800266
FDM39,Dairy,Low Fat,6.42,0.089498926
FDX44,Fruits and Vegetables,Low Fat,9.3,0.043209581
FDX57,Snack Foods,Regular,17.25,0.079113947
FDL32,Fruits and Vegetables,Regular,15.7,0.122657336
FDX39,Meat,Regular,14.3,0.04975339
NCC31,Household,Low Fat,8.02,0.019901356
FDQ58,Snack Foods,Low Fat,7.315,0.01532563
FDA19,Fruits and Vegetables,Low Fat,13.1,0.07371877399126638
NCC43,Household,Low Fat,7.39,0.092782895
FDS51,Meat,Low Fat,13.35,0.032180494
DRD27,Dairy,Low Fat,18.75,0.07670093052484472
NCM26,Others,Low Fat,20.5,0.023190134
FDK46,Snack Foods,Low Fat,9.6,0.051571772
FDH12,Baking Goods,Low Fat,9.6,0.085434195
NCS42,Household,Low Fat,8.6,0.069809115
FDF59,Starchy Foods,Low Fat,12.5,0.07518351486466165
FDH28,Frozen Foods,Regular,15.85,0.110254143
FDB41,Frozen Foods,Regular,19.0,0.097510482
FDI35,Starchy Foods,Low Fat,14.0,0.041283361
FDN56,Fruits and Vegetables,Regular,5.46,0.107036943
DRE49,Soft Drinks,Low Fat,20.75,0.035568147
FDF12,Baking Goods,Low Fat,8.235,0.08276363
FDC11,Starchy Foods,Low Fat,20.5,0.142370445
FDF28,Frozen Foods,Regular,12.85,0.037681359
FDY21,Snack Foods,Low Fat,13.15,0.30374337
FDE38,Canned,Low Fat,6.52,0.044607161
FDM45,Snack Foods,Regular,8.655,0.08819473
FDH60,Baking Goods,Regular,19.7,0.07433118783250414
FDI26,Canned,Low Fat,5.94,0.034880143
FDR49,Canned,Low Fat,8.71,0.139202085
NCJ17,Health and Hygiene,Low Fat,7.68,0.152429537
FDZ36,Baking Goods,Regular,6.035,0.065729039
FDK15,Meat,Low Fat,10.8,0.098814721
DRA12,Soft Drinks,Low Fat,11.6,0.041112694
FDY59,Baking Goods,Low Fat,8.195,0.031452265
DRN59,Hard Drinks,Low Fat,15.0,0.064241345
FDI36,Baking Goods,Regular,12.5,0.062343432
FDN44,Fruits and Vegetables,Low Fat,13.15,0.022924552
FDT35,Breads,Regular,19.85,0.081916124
FDG04,Frozen Foods,Low Fat,13.1,0.006061565
FDN49,Breakfast,Regular,17.25,0.125200788
FDJ40,Frozen Foods,Regular,13.6,0.049579883
FDT15,Meat,Regular,12.15,0.071440118
FDT38,Dairy,Low Fat,18.7,0.057771828
FDF58,Snack Foods,Low Fat,13.15,0.009534758
FDK57,Snack Foods,Low Fat,13.15,0.079904068
FDD59,Starchy Foods,Regular,13.175,0.065860323
FDC15,Dairy,Low Fat,18.1,0.178975721
FDW22,Snack Foods,Regular,9.695,0.03033748
FDX45,Snack Foods,Low Fat,16.75,0.07086596150265016
FDV52,Frozen Foods,Regular,20.7,0.12152072
FDF02,Canned,Low Fat,16.2,0.104058452
NCW30,Household,Low Fat,5.21,0.011072173
FDP36,Baking Goods,Regular,10.395,0.091096531
FDS08,Fruits and Vegetables,Low Fat,13.1,0.056685383
FDT33,Snack Foods,Regular,7.81,0.034043503
FDG58,Snack Foods,Regular,10.695,0.07086596150265016
FDZ34,Starchy Foods,Low Fat,6.695,0.075864171
FDF41,Frozen Foods,Low Fat,12.15,0.131714183
FDG44,Fruits and Vegetables,Low Fat,13.1,0.07371877399126638
FDZ50,Dairy,Regular,13.35,0.07670093052484472
DRL59,Hard Drinks,Low Fat,10.1,0.037160705
FDV55,Fruits and Vegetables,Low Fat,17.75,0.05507343
DRB24,Soft Drinks,Low Fat,8.785,0.020573334
FDC26,Canned,Low Fat,10.195,0.126579586
FDA14,Dairy,Low Fat,16.1,0.065183228
NCP53,Health and Hygiene,Low Fat,14.75,0.033076388
FDJ16,Frozen Foods,Low Fat,9.195,0.115353642
FDY10,Snack Foods,Low Fat,17.6,0.049267759
FDA51,Dairy,Regular,8.05,0.164679597
FDA26,Dairy,Regular,7.855,0.073906461
NCC06,Household,Low Fat,19.0,0.026963909
FDB47,Snack Foods,Low Fat,8.8,0.071369947
FDF47,Starchy Foods,Low Fat,20.85,0.097618234
FDV12,Baking Goods,Regular,16.7,0.060863167
DRC24,Soft Drinks,Low Fat,17.85,0.024961677
FDU56,Fruits and Vegetables,Low Fat,13.1,0.07371877399126638
FDV58,Snack Foods,Low Fat,20.85,0.121250374
DRG39,Dairy,Low Fat,14.15,0.042352822
FDE39,Dairy,Low Fat,7.89,0.036207786
FDY14,Dairy,Low Fat,10.3,0.070149088
DRO59,Hard Drinks,Low Fat,11.8,0.054238448
NCW05,Health and Hygiene,Low Fat,20.25,0.148302815
NCI55,Household,Low Fat,18.6,0.012673238
FDQ33,Snack Foods,Low Fat,13.35,0.091348964
FDB46,Snack Foods,Regular,10.5,0.093909644
FDQ60,Baking Goods,Regular,11.65,0.191500528
FDF38,Canned,Regular,11.8,0.026358005
FDU60,Baking Goods,Regular,20.0,0.060022526
NCX53,Health and Hygiene,Low Fat,20.1,0.025002878
FDE52,Dairy,Regular,13.35,0.02974207
